"domain","entity","field","physical_type","logical_type","format","required","source","level","pii","used_by_workflows","description"
"admin","assets.csv","acquired_date","csv","string","date","true","admin/assets.csv","L3","false","","入库/入账日期（`YYYY-MM-DD`）；采购入库行=对应单据 `order_status=已入库` 的入库日；追加列"
"admin","assets.csv","asset","csv","string","","true","admin/assets.csv","L3","false","","资产名称（含属性/位置备注，如""投影仪(会议室A)""）；原始列"
"admin","assets.csv","asset_id","csv","string","","true","admin/assets.csv","L3","false","","资产编码，唯一，格式 `AST-####`（参照 §3.2.25 code(AST-xxxx)）；原始列"
"admin","assets.csv","category","csv","string","","true","admin/assets.csv","L3","false","","资产分类：IT设备 / 办公设备 / 办公家具 / 办公用品；追加列（对应参照 §3.2.25 cat）"
"admin","assets.csv","dept","csv","string","","true","admin/assets.csv","L3","false","","归属部门（词表：行政部/研发部/销售部/财务部/市场部/人力资源部），与 purchases.request_dept 同词表；追加列（对应参照 §3.2.25 user 的部门口径）"
"admin","assets.csv","holder_masked","csv","string","","true","admin/assets.csv","L3","true","","使用人工号掩码（保留 `E`+2 位数字，其余 `***`，如 `E10***`）；共享资产固定为 `公共`；闲置/报废资产必须为 `公共`；原始列"
"admin","assets.csv","last_event","csv","string","","true","admin/assets.csv","L3","false","","最近状态事件（含工单/流程号，是离职释放、报修、报废、盘点的追溯证据）；追加列"
"admin","assets.csv","location","csv","string","","true","admin/assets.csv","L3","false","","存放位置/工位/仓库（如""A栋3层会议室A""""研发部工位""""行政仓库""）；原始列"
"admin","assets.csv","price_yuan","csv","number","","true","admin/assets.csv","L3","false","","购置单价（元，整数）；与同 `purchase_ref` 中选报价行一致（§9 V-AD-06）；追加列（对应参照 §3.2.25 price）"
"admin","assets.csv","purchase_ref","csv","string","","true","admin/assets.csv","L3","false","","采购来源：取值=`purchases.item`（如""办公笔记本×20""）；历史批次/非采购入库为空；追加列"
"admin","assets.csv","sn","csv","string","","true","admin/assets.csv","L3","false","","设备序列号（掩码口径 `SN-XXnn***`）；追加列（对应参照 §3.2.25 sn）"
"admin","assets.csv","status","csv","string","","true","admin/assets.csv","L3","false","","资产状态：在用 / 闲置 / 维修中 / 已报废（枚举与迁移见 §4）；原始列"
"admin","purchases.csv","amount_yuan","csv","number","","true","admin/purchases.csv","L3","false","","该报价总额 = qty × unit_price_yuan（元，整数）；追加列"
"admin","purchases.csv","budget_ok","csv","boolean","","true","admin/purchases.csv","L3","false","","部门预算是否足额：Yes / No；No 触发审批阻断（§9 V-AD-04）；追加列"
"admin","purchases.csv","item","csv","string","","true","admin/purchases.csv","L3","false","","采购项，格式""名称×数量""（如""办公笔记本×20""），同组比价各行一致；原始列"
"admin","purchases.csv","lead_days","csv","number","","true","admin/purchases.csv","L3","false","","交付周期（自然日）；原始列"
"admin","purchases.csv","note","csv","string","","true","admin/purchases.csv","L3","false","","说明（中选理由/单一来源说明/驳回原因/入库日），字段内不使用英文逗号；追加列"
"admin","purchases.csv","order_status","csv","string","","true","admin/purchases.csv","L3","false","","采购单状态：草稿 / 待审批 / 已批准 / 已驳回 / 已入库（迁移见 §4）；追加列"
"admin","purchases.csv","qty","csv","integer","","true","admin/purchases.csv","L3","false","","数量（与 item 中""×数量""一致）；追加列"
"admin","purchases.csv","quote_date","csv","string","date","true","admin/purchases.csv","L3","false","","报价日期（`YYYY-MM-DD`）；追加列"
"admin","purchases.csv","request_dept","csv","string","","true","admin/purchases.csv","L3","false","","申请部门（与 assets.dept 同词表）；追加列"
"admin","purchases.csv","request_id","csv","string","","true","admin/purchases.csv","L3","false","","采购申请单号（如 `PR-2026-Q3-001`），同一单号的多行构成一组可验证比价；追加列"
"admin","purchases.csv","selected","csv","boolean","","true","admin/purchases.csv","L3","false","","中选标记：No / Yes(最低价) / Yes(单一来源)；同一 `request_id` 恰一行 Yes；原始列"
"admin","purchases.csv","unit_price_yuan","csv","number","","true","admin/purchases.csv","L3","false","","该供应商单价（元，整数）；原始列（属 procurement_price 脱敏域）"
"admin","purchases.csv","vendor_masked","csv","string","","true","admin/purchases.csv","L3","false","","供应商代号（供应商A/B/C/D，真名受 redact_gate 约束不外发）；原始列"
"admin","workflow_output/admin.asset-inventory","asset_id","json","string","","true","admin/assets.csv","L3","false","admin.asset-inventory@1.0.0","资产编码，唯一，格式 `AST-####`（参照 §3.2.25 code(AST-xxxx)）；原始列"
"admin","workflow_output/admin.asset-inventory","holder_masked","json","string","","true","admin/assets.csv","L3","true","admin.asset-inventory@1.0.0","使用人工号掩码（保留 `E`+2 位数字，其余 `***`，如 `E10***`）；共享资产固定为 `公共`；闲置/报废资产必须为 `公共`；原始列"
"admin","workflow_output/admin.asset-inventory","location","json","string","","true","admin/assets.csv","L3","false","admin.asset-inventory@1.0.0","存放位置/工位/仓库（如""A栋3层会议室A""""研发部工位""""行政仓库""）；原始列"
"admin","workflow_output/admin.asset-inventory","status","json","string","","true","admin/assets.csv","L3","false","admin.asset-inventory@1.0.0","资产状态：在用 / 闲置 / 维修中 / 已报废（枚举与迁移见 §4）；原始列"
"admin","workflow_output/admin.meeting-minutes","decisions","json","string","","true","workflow_input_or_user_upload","L3","false","admin.meeting-minutes@1.0.0",""
"admin","workflow_output/admin.meeting-minutes","meeting","json","string","","true","workflow_input_or_user_upload","L3","false","admin.meeting-minutes@1.0.0",""
"admin","workflow_output/admin.meeting-minutes","owners","json","array","","true","workflow_input_or_user_upload","L3","false","admin.meeting-minutes@1.0.0",""
"admin","workflow_output/admin.meeting-minutes","todos","json","array","","true","workflow_input_or_user_upload","L3","false","admin.meeting-minutes@1.0.0",""
"admin","workflow_output/admin.purchase-approve","amount_wan","json","number","","true","workflow_input_or_user_upload","L3","false","admin.purchase-approve@1.0.0",""
"admin","workflow_output/admin.purchase-approve","approvals","json","array","","true","workflow_input_or_user_upload","L3","false","admin.purchase-approve@1.0.0",""
"admin","workflow_output/admin.purchase-approve","budget_ok","json","boolean","","true","admin/purchases.csv","L3","false","admin.purchase-approve@1.0.0","部门预算是否足额：Yes / No；No 触发审批阻断（§9 V-AD-04）；追加列"
"admin","workflow_output/admin.purchase-approve","item","json","string","","true","admin/purchases.csv","L3","false","admin.purchase-approve@1.0.0","采购项，格式""名称×数量""（如""办公笔记本×20""），同组比价各行一致；原始列"
"admin","workflow_output/admin.purchase-approve","qty","json","integer","","true","admin/purchases.csv","L3","false","admin.purchase-approve@1.0.0","数量（与 item 中""×数量""一致）；追加列"
"admin","workflow_output/admin.seal-request","copies","json","string","","true","workflow_input_or_user_upload","L3","false","admin.seal-request@1.0.0",""
"admin","workflow_output/admin.seal-request","doc","json","string","","true","workflow_input_or_user_upload","L3","false","admin.seal-request@1.0.0",""
"admin","workflow_output/admin.seal-request","keeper_confirm","json","string","","true","workflow_input_or_user_upload","L3","false","admin.seal-request@1.0.0",""
"admin","workflow_output/admin.seal-request","seal_type","json","string","","true","workflow_input_or_user_upload","L3","false","admin.seal-request@1.0.0",""
"admin","workflow_output/admin.supply-order","amount_yuan","json","number","","true","admin/purchases.csv","L3","false","admin.supply-order@1.0.0","该报价总额 = qty × unit_price_yuan（元，整数）；追加列"
"admin","workflow_output/admin.supply-order","item","json","string","","true","admin/purchases.csv","L3","false","admin.supply-order@1.0.0","采购项，格式""名称×数量""（如""办公笔记本×20""），同组比价各行一致；原始列"
"admin","workflow_output/admin.supply-order","qty","json","integer","","true","admin/purchases.csv","L3","false","admin.supply-order@1.0.0","数量（与 item 中""×数量""一致）；追加列"
"admin","workflow_output/admin.supply-order","vendor_masked","json","string","","true","admin/purchases.csv","L3","false","admin.supply-order@1.0.0","供应商代号（供应商A/B/C/D，真名受 redact_gate 约束不外发）；原始列"
"admin","workflow_output/admin.vendor-price","chosen","json","string","","true","workflow_input_or_user_upload","L3","false","admin.vendor-price@1.0.0",""
"admin","workflow_output/admin.vendor-price","item","json","string","","true","admin/purchases.csv","L3","false","admin.vendor-price@1.0.0","采购项，格式""名称×数量""（如""办公笔记本×20""），同组比价各行一致；原始列"
"admin","workflow_output/admin.vendor-price","lowest","json","string","","true","workflow_input_or_user_upload","L3","false","admin.vendor-price@1.0.0",""
"admin","workflow_output/admin.vendor-price","quotes","json","array","","true","workflow_input_or_user_upload","L3","false","admin.vendor-price@1.0.0",""
"ben","checkup_distribution.csv","abnormal_count","csv","integer","","true","ben/checkup_distribution.csv","L4","false","",""
"ben","checkup_distribution.csv","abnormal_rate_pct","csv","number","","true","ben/checkup_distribution.csv","L4","false","",""
"ben","checkup_distribution.csv","age_band","csv","object","","true","ben/checkup_distribution.csv","L4","false","",""
"ben","checkup_distribution.csv","examined_count","csv","integer","","true","ben/checkup_distribution.csv","L4","false","",""
"ben","checkup_distribution.csv","item_category","csv","string","","true","ben/checkup_distribution.csv","L4","false","",""
"ben","checkup_distribution.csv","note","csv","string","","true","ben/checkup_distribution.csv","L4","false","",""
"ben","checkup_distribution.csv","suppression_flag","csv","boolean","","true","ben/checkup_distribution.csv","L4","false","",""
"ben","checkup_distribution.csv","year","csv","number","","true","ben/checkup_distribution.csv","L4","false","",""
"ben","plans.csv","category","csv","string","","true","ben/plans.csv","L4","false","",""
"ben","plans.csv","comparison_group","csv","string","","true","ben/plans.csv","L4","false","",""
"ben","plans.csv","cost_per_person_yuan","csv","number","","true","ben/plans.csv","L4","false","",""
"ben","plans.csv","covers","csv","string","","true","ben/plans.csv","L4","false","",""
"ben","plans.csv","effective_year","csv","string","date","true","ben/plans.csv","L4","false","",""
"ben","plans.csv","eligible_group","csv","string","","true","ben/plans.csv","L4","false","",""
"ben","plans.csv","enrolled_count","csv","integer","","true","ben/plans.csv","L4","false","",""
"ben","plans.csv","plan","csv","string","","true","ben/plans.csv","L4","false","",""
"ben","plans.csv","plan_id","csv","string","","true","ben/plans.csv","L4","false","",""
"ben","plans.csv","points_per_year","csv","number","","true","ben/plans.csv","L4","false","",""
"ben","plans.csv","provider_masked","csv","string","","true","ben/plans.csv","L4","false","",""
"ben","plans.csv","satisfaction_score","csv","number","","true","ben/plans.csv","L4","false","",""
"ben","plans.csv","status","csv","string","","true","ben/plans.csv","L4","false","",""
"ben","plans.csv","tier","csv","string","","true","ben/plans.csv","L4","false","",""
"ben","usage.csv","applied_month","csv","string","","true","ben/usage.csv","L4","false","",""
"ben","usage.csv","claim_amount_range_yuan","csv","number","","true","ben/usage.csv","L4","false","",""
"ben","usage.csv","claim_days","csv","number","","true","ben/usage.csv","L4","false","",""
"ben","usage.csv","claim_masked","csv","string","","true","ben/usage.csv","L4","true","",""
"ben","usage.csv","claim_type","csv","string","","true","ben/usage.csv","L4","false","",""
"ben","usage.csv","dept_masked","csv","string","","true","ben/usage.csv","L4","false","",""
"ben","usage.csv","employee_masked","csv","string","","true","ben/usage.csv","L4","true","",""
"ben","usage.csv","plan","csv","string","","true","ben/plans.csv","L4","false","",""
"ben","usage.csv","plan_id","csv","string","","true","ben/plans.csv","L4","false","",""
"ben","usage.csv","points_total","csv","number","","true","ben/usage.csv","L4","false","",""
"ben","usage.csv","points_used","csv","number","","true","ben/usage.csv","L4","false","",""
"ben","usage.csv","remaining","csv","number","","true","ben/usage.csv","L4","false","",""
"ben","usage.csv","settled_month","csv","string","","true","ben/usage.csv","L4","false","",""
"ben","usage.csv","status","csv","string","","true","ben/plans.csv","L4","false","",""
"ben","usage.csv","usage_id","csv","string","","true","ben/usage.csv","L4","false","",""
"ben","workflow_output/ben.annual-survey","dimension","json","string","","true","workflow_input_or_user_upload","L4","false","ben.annual-survey@1.0.0",""
"ben","workflow_output/ben.annual-survey","n","json","integer","","true","workflow_input_or_user_upload","L4","false","ben.annual-survey@1.0.0",""
"ben","workflow_output/ben.annual-survey","score","json","number","","true","workflow_input_or_user_upload","L4","false","ben.annual-survey@1.0.0",""
"ben","workflow_output/ben.annual-survey","verbatim_theme","json","string","","true","workflow_input_or_user_upload","L4","false","ben.annual-survey@1.0.0",""
"ben","workflow_output/ben.checkup-report","abnormal_items","json","array","","true","workflow_input_or_user_upload","L4","false","ben.checkup-report@1.0.0",""
"ben","workflow_output/ben.checkup-report","employee_masked","json","string","","true","ben/usage.csv","L4","true","ben.checkup-report@1.0.0",""
"ben","workflow_output/ben.checkup-report","followup","json","string","","true","workflow_input_or_user_upload","L4","false","ben.checkup-report@1.0.0",""
"ben","workflow_output/ben.checkup-report","year","json","string","","true","ben/checkup_distribution.csv","L4","false","ben.checkup-report@1.0.0",""
"ben","workflow_output/ben.claim-review","claim_masked","json","string","","true","ben/usage.csv","L4","true","ben.claim-review@1.0.0",""
"ben","workflow_output/ben.claim-review","days","json","number","","true","workflow_input_or_user_upload","L4","false","ben.claim-review@1.0.0",""
"ben","workflow_output/ben.claim-review","status","json","string","","true","ben/plans.csv","L4","false","ben.claim-review@1.0.0",""
"ben","workflow_output/ben.claim-review","type","json","string","","true","workflow_input_or_user_upload","L4","false","ben.claim-review@1.0.0",""
"ben","workflow_output/ben.plan-enroll","approver","json","string","","true","workflow_input_or_user_upload","L4","false","ben.plan-enroll@1.0.0",""
"ben","workflow_output/ben.plan-enroll","effective_date","json","string","date","true","workflow_input_or_user_upload","L4","false","ben.plan-enroll@1.0.0",""
"ben","workflow_output/ben.plan-enroll","employee_masked","json","string","","true","ben/usage.csv","L4","true","ben.plan-enroll@1.0.0",""
"ben","workflow_output/ben.plan-enroll","plan","json","string","","true","ben/plans.csv","L4","false","ben.plan-enroll@1.0.0",""
"ben","workflow_output/ben.points-calc","employee_masked","json","string","","true","ben/usage.csv","L4","true","ben.points-calc@1.0.0",""
"ben","workflow_output/ben.points-calc","points_total","json","number","","true","ben/usage.csv","L4","false","ben.points-calc@1.0.0",""
"ben","workflow_output/ben.points-calc","remaining","json","string","","true","ben/usage.csv","L4","false","ben.points-calc@1.0.0",""
"ben","workflow_output/ben.points-calc","selected","json","boolean","","true","workflow_input_or_user_upload","L4","false","ben.points-calc@1.0.0",""
"ben","workflow_output/ben.vendor-compare","category","json","string","","true","ben/plans.csv","L4","false","ben.vendor-compare@1.0.0",""
"ben","workflow_output/ben.vendor-compare","points","json","string","","true","workflow_input_or_user_upload","L4","false","ben.vendor-compare@1.0.0",""
"ben","workflow_output/ben.vendor-compare","vendors","json","array","","true","workflow_input_or_user_upload","L4","false","ben.vendor-compare@1.0.0",""
"ben","workflow_output/ben.vendor-compare","winner","json","string","","true","workflow_input_or_user_upload","L4","false","ben.vendor-compare@1.0.0",""
"cmp","pipia.csv","approval_dual","csv","string","","true","cmp/pipia.csv","L4","false","","双审批展示口径：`主管✓/DPO✓`（已通过）、`主管待/DPO待`（待审批）、`主管✓/DPO待`（部分通过）；未启动为 `—`；追加列"
"cmp","pipia.csv","assessed_at","csv","string","date-time","true","cmp/pipia.csv","L4","false","","PIPIA 结论出具日；`assessment_status≠已出结论` 时为 `—`；追加列"
"cmp","pipia.csv","assessment_status","csv","string","","true","cmp/pipia.csv","L4","false","","PIPIA 评估状态：待评 / 评估中 / 已出结论（迁移见 §4.3）；追加列"
"cmp","pipia.csv","check_ref","csv","string","","true","cmp/pipia.csv","L4","false","","→ `policy_checklist.check_id` 外键（本表风险项与检查项的口径对应，禁孤儿引用）；追加列"
"cmp","pipia.csv","data_categories","csv","object","","true","cmp/pipia.csv","L4","false","","涉及个人信息类别（**类别标签**，多项用 `；` 分隔，如""生物识别信息；考勤记录""）；不承载任何具体个人数据；追加列"
"cmp","pipia.csv","dept_masked","csv","string","","true","cmp/pipia.csv","L4","false","","责任部门脱敏码 `DEPT-<职能>-***`（如 `DEPT-SEC-***`），部门标识不落实名；追加列"
"cmp","pipia.csv","launch_gate","csv","string","","true","cmp/pipia.csv","L4","false","","上线闸门：可上线 / 禁止上线 / 待评审；**高风险且 `residual_downgraded=否` 一律""禁止上线""**（§5/§9 V-CMP-05）；追加列"
"cmp","pipia.csv","legal_basis","csv","string","","true","cmp/pipia.csv","L4","false","","法条引用（《法律名》第 N 条；多项用 `；` 分隔），**不合规/待整改项必填**（§9 V-CMP-01）；追加列（参照 §3.2.24 legalBasis）"
"cmp","pipia.csv","mitigation","csv","string","","true","cmp/pipia.csv","L4","false","","风险缓释措施（**工作底稿口径 `audit_working_papers`**：出域/入报告前必过 `redact_gate`）；追加列"
"cmp","pipia.csv","next_review","csv","string","date","true","cmp/pipia.csv","L4","false","","下次复评日 `YYYY-MM-DD`（高风险 ≤6 个月、中风险 ≤9 个月、低风险 ≤12 个月，§9 V-CMP-07）；原始列"
"cmp","pipia.csv","owner","csv","string","","true","cmp/pipia.csv","L4","false","","整改/归口部门（合成部门名，**非个人**）；原始列"
"cmp","pipia.csv","pipia_id","csv","string","","true","cmp/pipia.csv","L4","false","","评估编号，主键，`PIPIA-YYYY-###`；追加列"
"cmp","pipia.csv","process","csv","string","","true","cmp/pipia.csv","L4","false","","个人信息处理活动名称（如""员工考勤人脸识别""）；原始列"
"cmp","pipia.csv","residual_downgraded","csv","string","","true","cmp/pipia.csv","L4","false","","降级是否**已完成验证**：是 / 否 / 不适用（不适用=初始即低风险）；判定规则见 §9 V-CMP-05；追加列"
"cmp","pipia.csv","residual_risk","csv","string","","true","cmp/pipia.csv","L4","false","","**残余**风险等级：高 / 中 / 低（评估中为初步值，已出结论为结论值）；原始列"
"cmp","pipia.csv","risk_level","csv","string","","true","cmp/pipia.csv","L4","false","","**初始**风险等级：高 / 中 / 低（未施缓释前的固有风险）；原始列"
"cmp","pipia.csv","risk_status","csv","string","","true","cmp/pipia.csv","L4","false","","风险事件状态：待处理 / 处理中 / 已闭环（对应参照 RISK_STATUS open/doing/closed，迁移见 §4.2）；追加列"
"cmp","policy_checklist.csv","category","csv","string","","true","cmp/policy_checklist.csv","L4","false","","检查类别（9 类，参照 §3.2.24）：劳动用工 / 劳动权益 / 数据保护 / 个人信息保护 / 信息安全 / 采购合规 / 反舞弊 / 职业健康安全 / 财税合规；追加列"
"cmp","policy_checklist.csv","check_id","csv","string","","true","cmp/policy_checklist.csv","L4","false","","检查项编号，主键，`CHK-YYYY-###`，编号不复用；追加列"
"cmp","policy_checklist.csv","closed_date","csv","string","date","true","cmp/policy_checklist.csv","L4","false","","整改复验关闭日（对应 §4.1""待整改→合规""迁移完成）；未关闭为 `—`；追加列"
"cmp","policy_checklist.csv","evidence_ref","csv","array","","true","cmp/policy_checklist.csv","L4","false","","证据引用：`EVP-YYYY-###` = `cmp.evidence-pack` 证据包编号（审计级可追溯锚点，§9 V-CMP-04）；追加列"
"cmp","policy_checklist.csv","finding","csv","string","","true","cmp/policy_checklist.csv","L4","false","","发现项/检查结论（工作底稿口径：只写制度、系统与流程事实，**禁写姓名/工号/联系方式**）；追加列"
"cmp","policy_checklist.csv","item","csv","string","","true","cmp/policy_checklist.csv","L4","false","","检查项（条款级颗粒度，如""加班与调休条款""""敏感个人信息单独同意""）；原始列"
"cmp","policy_checklist.csv","legal_basis","csv","string","","true","cmp/pipia.csv","L4","false","","法条引用（《法律名》第 N 条；多项用 `；` 分隔），**不合规/待整改项必填**（§9 V-CMP-01）；追加列（参照 §3.2.24 legalBasis）"
"cmp","policy_checklist.csv","level","csv","string","","true","cmp/policy_checklist.csv","L4","false","","检查项风险等级：高 / 中 / 低；决定整改时限（§9 V-CMP-03）；追加列（参照 §3.2.24 level）"
"cmp","policy_checklist.csv","owner","csv","string","","true","cmp/pipia.csv","L4","false","","整改/归口部门（合成部门名，**非个人**）；原始列"
"cmp","policy_checklist.csv","policy","csv","string","","true","cmp/policy_checklist.csv","L4","false","","制度/政策名称（如""劳动用工制度""""个人信息保护""""数据管理制度""）；原始列"
"cmp","policy_checklist.csv","rectify_deadline","csv","string","date","true","cmp/policy_checklist.csv","L4","false","","整改完成期限 = `review_date` + 等级时限（高 ≤30 天 / 中 ≤60 天 / 低 ≤90 天）；合规项为 `—`；追加列"
"cmp","policy_checklist.csv","review_date","csv","string","date","true","cmp/policy_checklist.csv","L4","false","","本次检查实施日（待整改/不合规项即发现日）；整改时限自该日起算（§9 V-CMP-03）；原始列（语义口径修正见 §10.7）"
"cmp","policy_checklist.csv","reviewer_masked","csv","string","","true","cmp/policy_checklist.csv","L4","false","","检查/复核人掩码 `E<n>***`（不可还原，不得回填工号/姓名，§9 V-CMP-12）；追加列"
"cmp","policy_checklist.csv","status","csv","string","","true","cmp/policy_checklist.csv","L4","false","","合规项状态：合规 / 待整改 / 不合规（对应参照 CHECK_STATUS compliant/pending/noncompliant，迁移见 §4.1）；原始列"
"cmp","workflow_output/cmp.audit-trail","coverage_pct","json","number","","true","workflow_input_or_user_upload","L4","false","cmp.audit-trail@1.0.0",""
"cmp","workflow_output/cmp.audit-trail","events","json","string","","true","workflow_input_or_user_upload","L4","false","cmp.audit-trail@1.0.0",""
"cmp","workflow_output/cmp.audit-trail","gaps","json","string","","true","workflow_input_or_user_upload","L4","false","cmp.audit-trail@1.0.0",""
"cmp","workflow_output/cmp.audit-trail","scope","json","string","","true","workflow_input_or_user_upload","L4","false","cmp.audit-trail@1.0.0",""
"cmp","workflow_output/cmp.evidence-pack","case","json","string","","true","workflow_input_or_user_upload","L4","false","cmp.evidence-pack@1.0.0",""
"cmp","workflow_output/cmp.evidence-pack","evidence_items","json","array","","true","workflow_input_or_user_upload","L4","false","cmp.evidence-pack@1.0.0",""
"cmp","workflow_output/cmp.evidence-pack","hashes","json","string","","true","workflow_input_or_user_upload","L4","false","cmp.evidence-pack@1.0.0",""
"cmp","workflow_output/cmp.evidence-pack","packaged_at","json","string","date-time","true","workflow_input_or_user_upload","L4","false","cmp.evidence-pack@1.0.0",""
"cmp","workflow_output/cmp.pipia-review","approvals","json","array","","true","workflow_input_or_user_upload","L4","false","cmp.pipia-review@1.0.0",""
"cmp","workflow_output/cmp.pipia-review","process","json","string","","true","cmp/pipia.csv","L4","false","cmp.pipia-review@1.0.0","个人信息处理活动名称（如""员工考勤人脸识别""）；原始列"
"cmp","workflow_output/cmp.pipia-review","residual","json","string","","true","workflow_input_or_user_upload","L4","false","cmp.pipia-review@1.0.0",""
"cmp","workflow_output/cmp.pipia-review","risk_level","json","string","","true","cmp/pipia.csv","L4","false","cmp.pipia-review@1.0.0","**初始**风险等级：高 / 中 / 低（未施缓释前的固有风险）；原始列"
"cmp","workflow_output/cmp.policy-review","gaps","json","string","","true","workflow_input_or_user_upload","L4","false","cmp.policy-review@1.0.0",""
"cmp","workflow_output/cmp.policy-review","items","json","array","","true","workflow_input_or_user_upload","L4","false","cmp.policy-review@1.0.0",""
"cmp","workflow_output/cmp.policy-review","pass_rate","json","number","","true","workflow_input_or_user_upload","L4","false","cmp.policy-review@1.0.0",""
"cmp","workflow_output/cmp.policy-review","policy","json","string","","true","cmp/policy_checklist.csv","L4","false","cmp.policy-review@1.0.0","制度/政策名称（如""劳动用工制度""""个人信息保护""""数据管理制度""）；原始列"
"cmp","workflow_output/cmp.reg-filing","authority","json","string","","true","workflow_input_or_user_upload","L4","false","cmp.reg-filing@1.0.0",""
"cmp","workflow_output/cmp.reg-filing","days_left","json","integer","","true","workflow_input_or_user_upload","L4","false","cmp.reg-filing@1.0.0",""
"cmp","workflow_output/cmp.reg-filing","deadline","json","string","date","true","workflow_input_or_user_upload","L4","false","cmp.reg-filing@1.0.0",""
"cmp","workflow_output/cmp.reg-filing","filing","json","string","","true","workflow_input_or_user_upload","L4","false","cmp.reg-filing@1.0.0",""
"cmp","workflow_output/cmp.training-check","completed","json","string","","true","workflow_input_or_user_upload","L4","false","cmp.training-check@1.0.0",""
"cmp","workflow_output/cmp.training-check","dept","json","string","","true","workflow_input_or_user_upload","L4","false","cmp.training-check@1.0.0",""
"cmp","workflow_output/cmp.training-check","rate","json","number","","true","workflow_input_or_user_upload","L4","false","cmp.training-check@1.0.0",""
"cmp","workflow_output/cmp.training-check","required","json","string","","true","workflow_input_or_user_upload","L4","false","cmp.training-check@1.0.0",""
"comp","adjust_queue.csv","adjust_pct_range","csv","number","","true","comp/adjust_queue.csv","L4","false","",""
"comp","adjust_queue.csv","approvals","csv","array","","true","comp/adjust_queue.csv","L4","false","",""
"comp","adjust_queue.csv","batch","csv","string","","true","comp/adjust_queue.csv","L4","false","",""
"comp","adjust_queue.csv","current_band","csv","object","","true","comp/adjust_queue.csv","L4","false","",""
"comp","adjust_queue.csv","current_salary_range_wan","csv","number","","true","comp/adjust_queue.csv","L4","false","",""
"comp","adjust_queue.csv","effective_month","csv","string","date","true","comp/adjust_queue.csv","L4","false","",""
"comp","adjust_queue.csv","employee_masked","csv","string","","true","comp/adjust_queue.csv","L4","true","",""
"comp","adjust_queue.csv","proposed_band","csv","object","","true","comp/adjust_queue.csv","L4","false","",""
"comp","adjust_queue.csv","proposed_salary_range_wan","csv","number","","true","comp/adjust_queue.csv","L4","false","",""
"comp","adjust_queue.csv","reason","csv","string","","true","comp/adjust_queue.csv","L4","false","",""
"comp","adjust_queue.csv","status","csv","string","","true","comp/adjust_queue.csv","L4","false","",""
"comp","bands.csv","band","csv","object","","true","comp/bands.csv","L4","false","",""
"comp","bands.csv","p25_wan","csv","number","","true","comp/bands.csv","L4","false","",""
"comp","bands.csv","p50_wan","csv","number","","true","comp/bands.csv","L4","false","",""
"comp","bands.csv","p75_wan","csv","number","","true","comp/bands.csv","L4","false","",""
"comp","bands.csv","zone","csv","string","","true","comp/bands.csv","L4","false","",""
"comp","workflow_output/comp.band-report","above_p75","json","string","","true","workflow_input_or_user_upload","L4","false","comp.band-report@1.0.0",""
"comp","workflow_output/comp.band-report","band","json","object","","true","comp/bands.csv","L4","false","comp.band-report@1.0.0",""
"comp","workflow_output/comp.band-report","below_p25","json","string","","true","workflow_input_or_user_upload","L4","false","comp.band-report@1.0.0",""
"comp","workflow_output/comp.band-report","headcount","json","integer","","true","workflow_input_or_user_upload","L4","false","comp.band-report@1.0.0",""
"comp","workflow_output/comp.compa-ratio","band","json","object","","true","comp/bands.csv","L4","false","comp.compa-ratio@1.0.0",""
"comp","workflow_output/comp.compa-ratio","cr","json","number","","true","workflow_input_or_user_upload","L4","false","comp.compa-ratio@1.0.0",""
"comp","workflow_output/comp.compa-ratio","employee_masked","json","string","","true","comp/adjust_queue.csv","L4","true","comp.compa-ratio@1.0.0",""
"comp","workflow_output/comp.compa-ratio","zone","json","string","","true","comp/bands.csv","L4","false","comp.compa-ratio@1.0.0",""
"comp","workflow_output/comp.cost-projection","cost_impact_wan","json","number","","true","workflow_input_or_user_upload","L4","false","comp.cost-projection@1.0.0",""
"comp","workflow_output/comp.cost-projection","note","json","string","","true","workflow_input_or_user_upload","L4","false","comp.cost-projection@1.0.0",""
"comp","workflow_output/comp.cost-projection","pct","json","number","","true","workflow_input_or_user_upload","L4","false","comp.cost-projection@1.0.0",""
"comp","workflow_output/comp.cost-projection","scenario","json","string","","true","workflow_input_or_user_upload","L4","false","comp.cost-projection@1.0.0",""
"comp","workflow_output/comp.payroll-recon","gross_diff","json","string","","true","workflow_input_or_user_upload","L4","false","comp.payroll-recon@1.0.0",""
"comp","workflow_output/comp.payroll-recon","headcount","json","integer","","true","workflow_input_or_user_upload","L4","false","comp.payroll-recon@1.0.0",""
"comp","workflow_output/comp.payroll-recon","items","json","array","","true","workflow_input_or_user_upload","L4","false","comp.payroll-recon@1.0.0",""
"comp","workflow_output/comp.payroll-recon","period","json","string","","true","workflow_input_or_user_upload","L4","false","comp.payroll-recon@1.0.0",""
"comp","workflow_output/comp.queue-approve","approvals","json","array","","true","comp/adjust_queue.csv","L4","false","comp.queue-approve@1.0.0",""
"comp","workflow_output/comp.queue-approve","batch","json","string","","true","comp/adjust_queue.csv","L4","false","comp.queue-approve@1.0.0",""
"comp","workflow_output/comp.queue-approve","items","json","array","","true","workflow_input_or_user_upload","L4","false","comp.queue-approve@1.0.0",""
"comp","workflow_output/comp.queue-approve","total_impact_wan","json","number","","true","workflow_input_or_user_upload","L4","false","comp.queue-approve@1.0.0",""
"comp","workflow_output/comp.salary-adjust","approvals","json","array","","true","comp/adjust_queue.csv","L4","false","comp.salary-adjust@1.0.0",""
"comp","workflow_output/comp.salary-adjust","band_from","json","object","","true","workflow_input_or_user_upload","L4","false","comp.salary-adjust@1.0.0",""
"comp","workflow_output/comp.salary-adjust","band_to","json","object","","true","workflow_input_or_user_upload","L4","false","comp.salary-adjust@1.0.0",""
"comp","workflow_output/comp.salary-adjust","employee_masked","json","string","","true","comp/adjust_queue.csv","L4","true","comp.salary-adjust@1.0.0",""
"er-eap","eap_referrals.csv","anon_id","csv","string","","true","er-eap/eap_referrals.csv","L4","false","","匿名转介编号，主键，形如 `EAP-ANON-XXXX`；与真实身份的映射表分离存放于 EAP 独立命名空间，工作台内不可反查"
"er-eap","eap_referrals.csv","approval_specialist","csv","array","","true","er-eap/eap_referrals.csv","L4","false","","EAP 专员侧审批机读值：已通过 / 待审批 / 已驳回"
"er-eap","eap_referrals.csv","approval_supervisor","csv","string","","true","er-eap/eap_referrals.csv","L4","false","","主管侧审批机读值：已通过 / 待审批 / 已驳回（`approvals` 的拆分列，供门禁机检）"
"er-eap","eap_referrals.csv","approvals","csv","array","","true","er-eap/eap_referrals.csv","L4","false","","双审批展示口径：`主管✓/专员✓`（已通过）、`主管待/专员待`（待审批）、`主管✓/专员✗`（已驳回）"
"er-eap","eap_referrals.csv","direction","csv","string","","true","er-eap/eap_referrals.csv","L4","false","","转介方向（**类别标签**，禁写内容/机构实名/人名）：心理咨询(外部机构) / 心理咨询(内部) / 法律援助(劳动咨询) / 危机干预 / 健康管理(外部机构) / 家庭与照护(外部机构) / 职业发展咨询(内部)"
"er-eap","eap_referrals.csv","referral_month","csv","string","","true","er-eap/eap_referrals.csv","L4","false","","转介受理月份 YYYY-MM（供匿名月报聚合，不落具体日）"
"er-eap","eap_referrals.csv","sessions_left","csv","integer","","true","er-eap/eap_referrals.csv","L4","false","","剩余会话额度（≥0）；待双审批行未核销，通过后方可使用"
"er-eap","eap_referrals.csv","sessions_used","csv","integer","","true","er-eap/eap_referrals.csv","L4","false","","已消耗会话次数（≥0）；`status=待双审批/已驳回` 时必须为 0（见 §9 R2）"
"er-eap","eap_referrals.csv","status","csv","string","","true","er-eap/eap_referrals.csv","L4","false","","转介状态：待双审批 / 进行中 / 已结案 / 已驳回（见 §4.3）"
"er-eap","eap_referrals.csv","status_date","csv","string","date","true","er-eap/eap_referrals.csv","L4","false","","当前状态更新日 YYYY-MM-DD（状态迁移留痕）"
"er-eap","er_cases.csv","asset_release_status","csv","string","","true","er-eap/er_cases.csv","L4","false","","名下资产释放状态：不涉及 / 待释放 / 已释放（离职完成联动 ADMIN 域置""已释放""）"
"er-eap","er_cases.csv","case_date","csv","string","date","true","er-eap/er_cases.csv","L4","false","","案件登记日 YYYY-MM-DD"
"er-eap","er_cases.csv","case_id","csv","string","","true","er-eap/er_cases.csv","L4","false","","案件编号，主键，形如 ER-XXXX；编号不复用"
"er-eap","er_cases.csv","case_type","csv","string","","true","er-eap/er_cases.csv","L4","false","","案件类型：绩效申诉 / 团队争议 / 违纪调查 / 劳动争议 / 离职交接 / 合同续签"
"er-eap","er_cases.csv","contract_end_date","csv","string","date","true","er-eap/er_cases.csv","L4","false","","合同到期日 YYYY-MM-DD（用于""≤60 天""自动判定）"
"er-eap","er_cases.csv","contract_status","csv","string","","true","er-eap/er_cases.csv","L4","false","","合同状态：履行中 / 即将到期 / 已续签 / 已终止（见 §4.2）"
"er-eap","er_cases.csv","dept_masked","csv","string","","true","er-eap/er_cases.csv","L4","false","","归属组织（部门/分支机构粒度，不构成个人可回溯信息）"
"er-eap","er_cases.csv","dispute_status","csv","string","","true","er-eap/er_cases.csv","L4","false","","劳动争议法定阶段：协商中 / 仲裁 / 诉讼 / 已结案；仅 `case_type=劳动争议` 填写，其余记 `—`（见 §4.1）"
"er-eap","er_cases.csv","employee_masked","csv","string","","true","er-eap/er_cases.csv","L4","true","","当事人掩码标识 `E<序号>***`（不得回填工号/姓名/手机号）"
"er-eap","er_cases.csv","employee_status","csv","string","","true","er-eap/er_cases.csv","L4","false","","员工状态：在职 / 离职（离职流程完成后置""离职""，对应参照 EMP_STATUS active/left）"
"er-eap","er_cases.csv","note","csv","string","","true","er-eap/er_cases.csv","L4","false","","处理备注（自由文本，属 disciplinary_detail 受控口径；输出前必过 redact_gate）"
"er-eap","er_cases.csv","offboard_node","csv","string","","true","er-eap/er_cases.csv","L4","false","","离职流程当前节点：提交辞职申请 / 直属上级确认 / HR 面谈 / 工作交接 / 资产与权限回收 / 结算与离职证明；未进入离职流程记 `—`"
"er-eap","er_cases.csv","owner","csv","string","","true","er-eap/er_cases.csv","L4","false","","归口责任角色（非个人标识）：HRBP / HR专员 / 合规部"
"er-eap","er_cases.csv","stage","csv","string","","true","er-eap/er_cases.csv","L4","false","","台账处理阶段（案件维度）：调查中 / 调解中 / 协商中 / 审批中 / HR 面谈 / 仲裁 / 诉讼 / 已完成 / 已结案"
"er-eap","workflow_output/er-eap.anon-report","by_direction","json","string","","true","workflow_input_or_user_upload","L4","false","er-eap.anon-report@1.0.0",""
"er-eap","workflow_output/er-eap.anon-report","month","json","string","","true","workflow_input_or_user_upload","L4","false","er-eap.anon-report@1.0.0",""
"er-eap","workflow_output/er-eap.anon-report","sessions","json","integer","","true","workflow_input_or_user_upload","L4","false","er-eap.anon-report@1.0.0",""
"er-eap","workflow_output/er-eap.anon-report","total_referrals","json","number","","true","workflow_input_or_user_upload","L4","false","er-eap.anon-report@1.0.0",""
"er-eap","workflow_output/er-eap.dispute-case","case_id","json","string","","true","er-eap/er_cases.csv","L4","false","er-eap.dispute-case@1.0.0","案件编号，主键，形如 ER-XXXX；编号不复用"
"er-eap","workflow_output/er-eap.dispute-case","evidence_refs","json","array","","true","workflow_input_or_user_upload","L4","false","er-eap.dispute-case@1.0.0",""
"er-eap","workflow_output/er-eap.dispute-case","stage","json","string","","true","er-eap/er_cases.csv","L4","false","er-eap.dispute-case@1.0.0","台账处理阶段（案件维度）：调查中 / 调解中 / 协商中 / 审批中 / HR 面谈 / 仲裁 / 诉讼 / 已完成 / 已结案"
"er-eap","workflow_output/er-eap.dispute-case","type","json","string","","true","workflow_input_or_user_upload","L4","false","er-eap.dispute-case@1.0.0",""
"er-eap","workflow_output/er-eap.eap-referral","anon_id","json","string","","true","er-eap/eap_referrals.csv","L4","false","er-eap.eap-referral@1.0.0","匿名转介编号，主键，形如 `EAP-ANON-XXXX`；与真实身份的映射表分离存放于 EAP 独立命名空间，工作台内不可反查"
"er-eap","workflow_output/er-eap.eap-referral","approvals","json","array","","true","er-eap/eap_referrals.csv","L4","false","er-eap.eap-referral@1.0.0","双审批展示口径：`主管✓/专员✓`（已通过）、`主管待/专员待`（待审批）、`主管✓/专员✗`（已驳回）"
"er-eap","workflow_output/er-eap.eap-referral","direction","json","string","","true","er-eap/eap_referrals.csv","L4","false","er-eap.eap-referral@1.0.0","转介方向（**类别标签**，禁写内容/机构实名/人名）：心理咨询(外部机构) / 心理咨询(内部) / 法律援助(劳动咨询) / 危机干预 / 健康管理(外部机构) / 家庭与照护(外部机构) / 职业发展咨询(内部)"
"er-eap","workflow_output/er-eap.eap-referral","sessions","json","integer","","true","workflow_input_or_user_upload","L4","false","er-eap.eap-referral@1.0.0",""
"er-eap","workflow_output/er-eap.exit-interview","employee_masked","json","string","","true","er-eap/er_cases.csv","L4","true","er-eap.exit-interview@1.0.0","当事人掩码标识 `E<序号>***`（不得回填工号/姓名/手机号）"
"er-eap","workflow_output/er-eap.exit-interview","improvements","json","string","","true","workflow_input_or_user_upload","L4","false","er-eap.exit-interview@1.0.0",""
"er-eap","workflow_output/er-eap.exit-interview","reasons","json","array","","true","workflow_input_or_user_upload","L4","false","er-eap.exit-interview@1.0.0",""
"er-eap","workflow_output/er-eap.exit-interview","rehire_flag","json","boolean","","true","workflow_input_or_user_upload","L4","false","er-eap.exit-interview@1.0.0",""
"er-eap","workflow_output/er-eap.offboard-approve","approvals","json","array","","true","er-eap/eap_referrals.csv","L4","false","er-eap.offboard-approve@1.0.0","双审批展示口径：`主管✓/专员✓`（已通过）、`主管待/专员待`（待审批）、`主管✓/专员✗`（已驳回）"
"er-eap","workflow_output/er-eap.offboard-approve","employee_masked","json","string","","true","er-eap/er_cases.csv","L4","true","er-eap.offboard-approve@1.0.0","当事人掩码标识 `E<序号>***`（不得回填工号/姓名/手机号）"
"er-eap","workflow_output/er-eap.offboard-approve","handover_ok","json","boolean","","true","workflow_input_or_user_upload","L4","false","er-eap.offboard-approve@1.0.0",""
"er-eap","workflow_output/er-eap.offboard-approve","last_day","json","string","date","true","workflow_input_or_user_upload","L4","false","er-eap.offboard-approve@1.0.0",""
"er-eap","workflow_output/er-eap.wellbeing-check","dimension","json","string","","true","workflow_input_or_user_upload","L4","false","er-eap.wellbeing-check@1.0.0",""
"er-eap","workflow_output/er-eap.wellbeing-check","n","json","integer","","true","workflow_input_or_user_upload","L4","false","er-eap.wellbeing-check@1.0.0",""
"er-eap","workflow_output/er-eap.wellbeing-check","score","json","number","","true","workflow_input_or_user_upload","L4","false","er-eap.wellbeing-check@1.0.0",""
"er-eap","workflow_output/er-eap.wellbeing-check","trend","json","string","","true","workflow_input_or_user_upload","L4","false","er-eap.wellbeing-check@1.0.0",""
"fin","budget.csv","budget_wan","csv","number","","true","fin/budget.csv","L4","false","","当期预算包（**万元**，2 位小数）；原始列"
"fin","budget.csv","dept","csv","string","","true","fin/budget.csv","L4","false","","归属部门（词表：销售部/市场部/研发部/行政部/人力资源部/财务部），与 `budget.dept` 同词表；追加列"
"fin","budget.csv","dept_code","csv","string","","true","fin/budget.csv","L4","false","","部门码 SL / MK / RD / AD / HR / FN（对齐 `budget.dept_code`，用于跨表连接）；追加列"
"fin","budget.csv","net_wan","csv","number","","true","fin/budget.csv","L4","false","","当期净额（**万元**，2 位小数）＝ `revenue_wan − used_wan`（成本中心为负值，属预期）；**GT-FIN-02 必填字段 net_wan 的汇总来源**；追加列"
"fin","budget.csv","owner","csv","string","","true","fin/budget.csv","L4","false","","部门预算责任人（掩码名，如 `周****`）；追加列"
"fin","budget.csv","period","csv","string","","true","fin/budget.csv","L4","false","","归属期间 `YYYY-MM`（2026-08 / 2026-09），是预算执行月报的过滤键；追加列"
"fin","budget.csv","period_type","csv","string","","true","fin/budget.csv","L4","false","","期间类型：月度（本域仅月度；季度包由 `fin.budget-review` 审议后按月度落地）；追加列"
"fin","budget.csv","remain_wan","csv","number","","true","fin/budget.csv","L4","false","","预算余额 ＝ `budget_wan − used_wan`（余额不足拦截见 V-FIN-06）；原始列"
"fin","budget.csv","revenue_wan","csv","number","","true","fin/budget.csv","L4","false","","当期确认收入（**万元**，2 位小数）；恒等于 `Σrevenue_ledger.amount_yuan(部门,期间)/10000`；**GT-FIN-02 必填字段 revenue_wan 的汇总来源**；追加列"
"fin","budget.csv","updated_at","csv","string","date-time","true","fin/budget.csv","L4","false","","数据版本时间戳 `YYYY-MM-DD`，审计""依据数据版本""取该值；追加列"
"fin","budget.csv","used_wan","csv","number","","true","fin/budget.csv","L4","false","","当期预算执行数（**万元**，2 位小数）＝成本口径 `cost_wan`；恒等于该部门该期 expenses 明细合计（含在途、不含已驳回），原始列"
"fin","expenses.csv","amount_yuan","csv","number","","true","fin/expenses.csv","L4","false","","单笔金额（**元**，整数）；与 `invoices.total_yuan` 的比对见 §9 V-FIN-02；原始列"
"fin","expenses.csv","applicant_masked","csv","string","","true","fin/expenses.csv","L4","true","","申请人掩码（姓 + `****`，如 `周****`），掩码前值不入库、不出域、不入记忆层；原始列（对应 redact 口径）"
"fin","expenses.csv","dept","csv","string","","true","fin/budget.csv","L4","false","","归属部门（词表：销售部/市场部/研发部/行政部/人力资源部/财务部），与 `budget.dept` 同词表；追加列"
"fin","expenses.csv","dept_code","csv","string","","true","fin/budget.csv","L4","false","","部门码 SL / MK / RD / AD / HR / FN（对齐 `budget.dept_code`，用于跨表连接）；追加列"
"fin","expenses.csv","expense_id","csv","string","","true","fin/expenses.csv","L4","false","","报销/费用单号，唯一主键，格式 `EXP-####`（EXP-8812~EXP-8840 连续编号）；原始列"
"fin","expenses.csv","gl_account","csv","integer","","true","fin/expenses.csv","L4","false","","费用科目：差旅费 / 交通费 / 办公费 / 设备采购 / 市场推广费 / 广告投放费 / 云资源费 / 外包服务费 / 项目直接成本 / 房租物业费 / 招聘服务费 / 员工活动费 / 审计咨询费 / 银行手续费；决定科目基准审批级别；追加列"
"fin","expenses.csv","invoice_no","csv","string","","true","fin/expenses.csv","L4","false","","关联发票号 `INV-YYYY-MM######`；在 `invoices.csv` 中命中即为已归档，未命中按 §9 V-FIN-08 列""待补件""；追加列"
"fin","expenses.csv","level","csv","string","","true","fin/expenses.csv","L4","false","","审批级别 L1 / L2 / L3 / L4，按""科目基准级别 + 金额升级""复合判定（规则见 §5 与 §9 V-FIN-05）；原始列"
"fin","expenses.csv","paid_at","csv","string","date-time","true","fin/expenses.csv","L4","false","","支付/报销到账日 `YYYY-MM-DD`；在途行（待预审/待审批/双审批中）为 `-`，是现金流出与状态机的证据字段；追加列"
"fin","expenses.csv","period","csv","string","","true","fin/budget.csv","L4","false","","归属期间 `YYYY-MM`（2026-08 / 2026-09），是预算执行月报的过滤键；追加列"
"fin","expenses.csv","reason","csv","string","","true","fin/expenses.csv","L4","false","","事由（科目化描述，含期间批次），用于科目归类与异常解释；原始列"
"fin","expenses.csv","status","csv","string","","true","fin/expenses.csv","L4","false","","报销单状态：待预审 / 待审批 / 双审批中 / 已批准 / 已驳回 / 已报销（迁移见 §4.1）；原始列"
"fin","invoices.csv","amount_yuan","csv","number","","true","fin/expenses.csv","L4","false","","单笔金额（**元**，整数）；与 `invoices.total_yuan` 的比对见 §9 V-FIN-02；原始列"
"fin","invoices.csv","buyer_taxid","csv","string","","true","fin/invoices.csv","L4","false","","购买方税号，主体唯一值 `91310115MA1K3QX09T`；与抬头一并构成""主体一致性""证据"
"fin","invoices.csv","buyer_title","csv","string","","true","fin/invoices.csv","L4","false","","购买方抬头，必须等于主体登记名称 `星桥科技（上海）有限公司`，否则 FAIL（V-FIN-04）"
"fin","invoices.csv","check_result","csv","string","","true","fin/invoices.csv","L4","false","","校验结论：通过 / 疑点 / FAIL（映射发票状态机见 §4.2）"
"fin","invoices.csv","expense_id","csv","string","","true","fin/expenses.csv","L4","false","","报销/费用单号，唯一主键，格式 `EXP-####`（EXP-8812~EXP-8840 连续编号）；原始列"
"fin","invoices.csv","invoice_code","csv","number","","true","fin/invoices.csv","L4","false","","发票代码（12 位数字，如 `031002000211`）；同代码 + 同销方 + 号码连续 = 连号"
"fin","invoices.csv","invoice_date","csv","string","date","true","fin/invoices.csv","L4","false","","开票日期 `YYYY-MM-DD`；晚于 `expenses.paid_at` 记跨期发票疑点"
"fin","invoices.csv","invoice_no","csv","string","","true","fin/expenses.csv","L4","false","","关联发票号 `INV-YYYY-MM######`；在 `invoices.csv` 中命中即为已归档，未命中按 §9 V-FIN-08 列""待补件""；追加列"
"fin","invoices.csv","issue_type","csv","string","","true","fin/invoices.csv","L4","false","","疑点/失败类型：连号 / 抬头不一致 / 金额不符 / 税号格式异常 / 跨期发票；`通过` 行为 `-`"
"fin","invoices.csv","seller_name","csv","string","","true","fin/invoices.csv","L4","false","","销方名称（合成主体，非真实企业）"
"fin","invoices.csv","seller_taxid","csv","string","","true","fin/invoices.csv","L4","false","","销方纳税人识别号（PII / 敏感标识）。合规值 18 位；样例含 1 条 17 位异常（`91310115MA1K3QY44`，见 V-FIN-01）"
"fin","invoices.csv","tax_yuan","csv","number","","true","fin/invoices.csv","L4","false","","税额（**元**，2 位小数）；`amount_yuan + tax_yuan ≡ total_yuan`（V-FIN-02）"
"fin","invoices.csv","total_yuan","csv","number","","true","fin/invoices.csv","L4","false","","价税合计（**元**，2 位小数）；与 `expenses.amount_yuan` 一致（差异即""金额不符""FAIL）"
"fin","revenue_ledger.csv","amount_yuan","csv","number","","true","fin/expenses.csv","L4","false","","单笔金额（**元**，整数）；与 `invoices.total_yuan` 的比对见 §9 V-FIN-02；原始列"
"fin","revenue_ledger.csv","contract_no","csv","string","","true","fin/revenue_ledger.csv","L4","false","","销售合同号 `HT-YYYY-####`，供跨域（sales）取证"
"fin","revenue_ledger.csv","customer_masked","csv","string","","true","fin/revenue_ledger.csv","L4","true","","客户名称掩码（如 `华****科技有限公司`），不可还原；真名受 redact_gate 约束"
"fin","revenue_ledger.csv","dept","csv","string","","true","fin/budget.csv","L4","false","","归属部门（词表：销售部/市场部/研发部/行政部/人力资源部/财务部），与 `budget.dept` 同词表；追加列"
"fin","revenue_ledger.csv","dept_code","csv","string","","true","fin/budget.csv","L4","false","","部门码 SL / MK / RD / AD / HR / FN（对齐 `budget.dept_code`，用于跨表连接）；追加列"
"fin","revenue_ledger.csv","invoice_no","csv","string","","true","fin/expenses.csv","L4","false","","关联发票号 `INV-YYYY-MM######`；在 `invoices.csv` 中命中即为已归档，未命中按 §9 V-FIN-08 列""待补件""；追加列"
"fin","revenue_ledger.csv","period","csv","string","","true","fin/budget.csv","L4","false","","归属期间 `YYYY-MM`（2026-08 / 2026-09），是预算执行月报的过滤键；追加列"
"fin","revenue_ledger.csv","recognize_date","csv","string","date","true","fin/revenue_ledger.csv","L4","false","","收入确认日 `YYYY-MM-DD`（权责发生时点）"
"fin","revenue_ledger.csv","revenue_id","csv","number","","true","fin/revenue_ledger.csv","L4","false","","收入确认单号 `R-YYYYMM-###`，唯一主键"
"fin","revenue_ledger.csv","status","csv","string","","true","fin/expenses.csv","L4","false","","报销单状态：待预审 / 待审批 / 双审批中 / 已批准 / 已驳回 / 已报销（迁移见 §4.1）；原始列"
"fin","revenue_ledger.csv","tax_rate","csv","number","","true","fin/revenue_ledger.csv","L4","false","","税率（小数，本域取 0.06）"
"fin","revenue_ledger.csv","tax_yuan","csv","number","","true","fin/invoices.csv","L4","false","","税额（**元**，2 位小数）；`amount_yuan + tax_yuan ≡ total_yuan`（V-FIN-02）"
"fin","revenue_ledger.csv","total_yuan","csv","number","","true","fin/invoices.csv","L4","false","","价税合计（**元**，2 位小数）；与 `expenses.amount_yuan` 一致（差异即""金额不符""FAIL）"
"fin","workflow_output/fin.budget-review","budget_wan","json","number","","true","fin/budget.csv","L4","false","fin.budget-review@1.0.0","当期预算包（**万元**，2 位小数）；原始列"
"fin","workflow_output/fin.budget-review","delta_wan","json","number","","true","workflow_input_or_user_upload","L4","false","fin.budget-review@1.0.0",""
"fin","workflow_output/fin.budget-review","dept","json","string","","true","fin/budget.csv","L4","false","fin.budget-review@1.0.0","归属部门（词表：销售部/市场部/研发部/行政部/人力资源部/财务部），与 `budget.dept` 同词表；追加列"
"fin","workflow_output/fin.budget-review","reason","json","string","","true","fin/expenses.csv","L4","false","fin.budget-review@1.0.0","事由（科目化描述，含期间批次），用于科目归类与异常解释；原始列"
"fin","workflow_output/fin.cashflow-week","balance_wan","json","number","","true","workflow_input_or_user_upload","L4","false","fin.cashflow-week@1.0.0",""
"fin","workflow_output/fin.cashflow-week","in_wan","json","string","","true","workflow_input_or_user_upload","L4","false","fin.cashflow-week@1.0.0",""
"fin","workflow_output/fin.cashflow-week","out_wan","json","string","","true","workflow_input_or_user_upload","L4","false","fin.cashflow-week@1.0.0",""
"fin","workflow_output/fin.cashflow-week","week","json","string","","true","workflow_input_or_user_upload","L4","false","fin.cashflow-week@1.0.0",""
"fin","workflow_output/fin.expense-approve","amount_yuan","json","number","","true","fin/expenses.csv","L4","false","fin.expense-approve@1.0.0","单笔金额（**元**，整数）；与 `invoices.total_yuan` 的比对见 §9 V-FIN-02；原始列"
"fin","workflow_output/fin.expense-approve","approvals","json","array","","true","workflow_input_or_user_upload","L4","false","fin.expense-approve@1.0.0",""
"fin","workflow_output/fin.expense-approve","expense_id","json","string","","true","fin/expenses.csv","L4","false","fin.expense-approve@1.0.0","报销/费用单号，唯一主键，格式 `EXP-####`（EXP-8812~EXP-8840 连续编号）；原始列"
"fin","workflow_output/fin.expense-approve","level","json","string","","true","fin/expenses.csv","L4","false","fin.expense-approve@1.0.0","审批级别 L1 / L2 / L3 / L4，按""科目基准级别 + 金额升级""复合判定（规则见 §5 与 §9 V-FIN-05）；原始列"
"fin","workflow_output/fin.invoice-check","amount_yuan","json","number","","true","fin/expenses.csv","L4","false","fin.invoice-check@1.0.0","单笔金额（**元**，整数）；与 `invoices.total_yuan` 的比对见 §9 V-FIN-02；原始列"
"fin","workflow_output/fin.invoice-check","checks","json","string","","true","workflow_input_or_user_upload","L4","false","fin.invoice-check@1.0.0",""
"fin","workflow_output/fin.invoice-check","invoice_no","json","string","","true","fin/expenses.csv","L4","false","fin.invoice-check@1.0.0","关联发票号 `INV-YYYY-MM######`；在 `invoices.csv` 中命中即为已归档，未命中按 §9 V-FIN-08 列""待补件""；追加列"
"fin","workflow_output/fin.invoice-check","result","json","string","","true","workflow_input_or_user_upload","L4","false","fin.invoice-check@1.0.0",""
"fin","workflow_output/fin.monthly-report","cost_wan","json","number","","true","workflow_input_or_user_upload","L4","false","fin.monthly-report@1.0.0",""
"fin","workflow_output/fin.monthly-report","net_wan","json","number","","true","fin/budget.csv","L4","false","fin.monthly-report@1.0.0","当期净额（**万元**，2 位小数）＝ `revenue_wan − used_wan`（成本中心为负值，属预期）；**GT-FIN-02 必填字段 net_wan 的汇总来源**；追加列"
"fin","workflow_output/fin.monthly-report","period","json","string","","true","fin/budget.csv","L4","false","fin.monthly-report@1.0.0","归属期间 `YYYY-MM`（2026-08 / 2026-09），是预算执行月报的过滤键；追加列"
"fin","workflow_output/fin.monthly-report","revenue_wan","json","number","","true","fin/budget.csv","L4","false","fin.monthly-report@1.0.0","当期确认收入（**万元**，2 位小数）；恒等于 `Σrevenue_ledger.amount_yuan(部门,期间)/10000`；**GT-FIN-02 必填字段 revenue_wan 的汇总来源**；追加列"
"fin","workflow_output/fin.reimburse-audit","actions","json","array","","true","workflow_input_or_user_upload","L4","false","fin.reimburse-audit@1.0.0",""
"fin","workflow_output/fin.reimburse-audit","issue_rate","json","number","","true","workflow_input_or_user_upload","L4","false","fin.reimburse-audit@1.0.0",""
"fin","workflow_output/fin.reimburse-audit","issues","json","string","","true","workflow_input_or_user_upload","L4","false","fin.reimburse-audit@1.0.0",""
"fin","workflow_output/fin.reimburse-audit","sample_size","json","integer","","true","workflow_input_or_user_upload","L4","false","fin.reimburse-audit@1.0.0",""
"mkt-off","dealer_agreements.csv","agreement_no","csv","string","","true","mkt-off/dealer_agreements.csv","L3","false","","协议号 `DA-YYYY-###`，供跨域（sales/cmp）取证"
"mkt-off","dealer_agreements.csv","dealer_id","csv","string","","true","mkt-off/dealer_agreements.csv","L3","false","","经销商台账 ID，唯一主键，格式 `DA-####`（DA-2601~DA-2612 连续编号）"
"mkt-off","dealer_agreements.csv","dealer_masked","csv","string","","true","mkt-off/dealer_agreements.csv","L3","true","","经销商标识掩码 `DEALER-***##`（不可还原）；出域/入报告只允许此形态（§9 V-MKTOFF-07）"
"mkt-off","dealer_agreements.csv","dispute_flag","csv","boolean","","true","mkt-off/dealer_agreements.csv","L3","false","","争议标记：是/否（本快照 2 家为是，须在 `vendor-brief` 的 `risk` 字段显式列出）"
"mkt-off","dealer_agreements.csv","exclusive_flag","csv","boolean","","true","mkt-off/dealer_agreements.csv","L3","false","","是否独家区域：是/否（本快照 4 家为是）"
"mkt-off","dealer_agreements.csv","owner","csv","string","","true","mkt-off/dealer_agreements.csv","L3","false","","责任主体（词表：市场部/渠道部/品牌组/行政支持）；原始列；存量值 `筹备中` 见 §1 存量取值登记"
"mkt-off","dealer_agreements.csv","period","csv","string","","true","mkt-off/dealer_agreements.csv","L3","false","","条款执行期间 `YYYY-Qn`（2026-Q3），与 events.quarter 同域"
"mkt-off","dealer_agreements.csv","rebate_pct","csv","number","","true","mkt-off/dealer_agreements.csv","L3","false","","返利比例（%，1 位小数）；金级 3.0 / 银级 2.0 / 普通 1.5"
"mkt-off","dealer_agreements.csv","region","csv","string","","true","mkt-off/dealer_agreements.csv","L3","false","","区域：华南/华东/华中/西南/华北"
"mkt-off","dealer_agreements.csv","sellthrough_pct","csv","number","","true","mkt-off/dealer_agreements.csv","L3","false","","售罄率（0-100，1 位小数）；<60% 触发滞销提示（§9 V-MKTOFF-09）"
"mkt-off","dealer_agreements.csv","terms_digest","csv","string","","true","mkt-off/dealer_agreements.csv","L3","false","","**条款要点摘要**（脱敏后形态，如 `独家区域保护+季度返利`）；scene 声明的 `dealer_terms` 原文**不落地、不出域**（§10）"
"mkt-off","dealer_agreements.csv","tier","csv","string","","true","mkt-off/dealer_agreements.csv","L3","false","","经销商等级：金级/银级/普通（决定返利比例与独家条款口径）"
"mkt-off","dealer_agreements.csv","updated_at","csv","string","date-time","true","mkt-off/dealer_agreements.csv","L3","false","","数据版本时间戳 `YYYY-MM-DD`，审计""依据数据版本""取该值"
"mkt-off","events.csv","actual_wan","csv","number","","true","mkt-off/events.csv","L3","false","","实际支出（**万元**，整数）；未发生为 `0`；原始列；`actual_wan > budget_wan` 为超支行（本快照 5 行，最大超支 12.0%）"
"mkt-off","events.csv","attendees","csv","number","","true","mkt-off/events.csv","L3","false","","现场到场人数；未举办为 `0`；追加列"
"mkt-off","events.csv","budget_wan","csv","number","","true","mkt-off/events.csv","L3","false","","计划预算（**万元**，整数）；原始列；预算超包判定字段（§9 V-MKTOFF-03）"
"mkt-off","events.csv","city","csv","string","","true","mkt-off/events.csv","L3","false","","举办城市（广州/深圳/佛山/东莞/上海/武汉）；原始列"
"mkt-off","events.csv","dept_quarter_pkg_wan","csv","number","","true","mkt-off/events.csv","L3","false","","该责任主体当季活动包额度（**万元**，整数，按 owner+quarter 取值一致）；预算超包判定基准（§9 V-MKTOFF-03）；追加列"
"mkt-off","events.csv","end_date","csv","string","date","true","mkt-off/events.csv","L3","false","","结束日期；`end_date ≥ start_date`；追加列"
"mkt-off","events.csv","event","csv","string","","true","mkt-off/events.csv","L3","false","","活动名称（合成名称，全场唯一）；原始列"
"mkt-off","events.csv","event_id","csv","string","","true","mkt-off/events.csv","L3","false","","活动 ID，唯一主键，格式 `EV-YY##`（EV-2601~EV-2616 连续编号）；materials.event_id 的外键指向本列；追加列"
"mkt-off","events.csv","event_type","csv","string","","true","mkt-off/events.csv","L3","false","","活动类型：发布会/渠道会/经销商大会/展会/答谢会/路演/快闪店/沙龙/开放日/培训营/大会；追加列"
"mkt-off","events.csv","leads","csv","number","","true","mkt-off/events.csv","L3","false","","现场采集线索数（人次）；`执行中`及以前为 `0`（线索在活动结束后结算）；追加列"
"mkt-off","events.csv","leads_dedup","csv","number","","true","mkt-off/events.csv","L3","false","","去重后线索数；`leads_dedup ≤ leads`；移交销售（`lead-handoff`）取此列；追加列"
"mkt-off","events.csv","owner","csv","string","","true","mkt-off/dealer_agreements.csv","L3","false","","责任主体（词表：市场部/渠道部/品牌组/行政支持）；原始列；存量值 `筹备中` 见 §1 存量取值登记"
"mkt-off","events.csv","quarter","csv","string","","true","mkt-off/events.csv","L3","false","","**预算归属季度** `YYYY-Qn`（本快照全部为 2026-Q3，即活动立项获批的季度；跨季举办的活动仍归属立项季度）；追加列"
"mkt-off","events.csv","revenue_wan","csv","number","","true","mkt-off/events.csv","L3","false","","活动带来的可归因收入/意向金额（**万元**，1 位小数）；未结算为 `0`；追加列"
"mkt-off","events.csv","roi","csv","number","","true","mkt-off/events.csv","L3","false","","投入产出比（1 位小数）＝ `revenue_wan ÷ actual_wan`；未结算行为 `0`；原始列；**GT-MKTOFF-03 必填字段，须可追溯到本表行**"
"mkt-off","events.csv","start_date","csv","string","date","true","mkt-off/events.csv","L3","false","","开始日期；可晚于数据基线日（跨季举办），见 §9 V-MKTOFF-08；追加列"
"mkt-off","events.csv","status","csv","string","","true","mkt-off/events.csv","L3","false","","活动状态，枚举见 §4.1（策划中/待审批/执行中/已结束/复盘完成）；追加列"
"mkt-off","events.csv","venue","csv","string","","true","mkt-off/events.csv","L3","false","","场地名称（合成场馆名，不含真实客户或酒店主体信息）；场地签约审批（`booth-approve`）标的；追加列"
"mkt-off","events.csv","venue_cost_wan","csv","number","","true","mkt-off/events.csv","L3","false","","场地/展位签约金额（**万元**，整数）；单场 >30 万元触发双审批（§5，本快照 7 行命中、1 行 30 万元边界）；追加列"
"mkt-off","materials.csv","brand_check","csv","string","","true","mkt-off/materials.csv","L3","false","","品牌项：未审/待改/通过；存量行含违规原因直填值 `字号不合规`（M-2604，等价""待改""，原因见 issue_type）；原始列"
"mkt-off","materials.csv","channel","csv","string","","true","mkt-off/materials.csv","L3","false","","投放渠道：现场/线上/线下+线上（`线上+现场`）/经销商/定向邀约/媒体/校园；决定外发合规留痕去向（§6）；追加列"
"mkt-off","materials.csv","event_id","csv","string","","true","mkt-off/events.csv","L3","false","","活动 ID，唯一主键，格式 `EV-YY##`（EV-2601~EV-2616 连续编号）；materials.event_id 的外键指向本列；追加列"
"mkt-off","materials.csv","external_ready","csv","string","","true","mkt-off/materials.csv","L3","false","","可外发标记 yes/no；`yes` 当且仅当 `review_status=通过` 且 `legal_check=通过` 且 `brand_check=通过`（§9 V-MKTOFF-04）；追加列"
"mkt-off","materials.csv","issue_type","csv","string","","true","mkt-off/materials.csv","L3","false","","未通过原因（如 `文案绝对化用语` / `品牌字号不合规` / `价格比较表述无依据` / `证言授权待补`）；通过行为 `-`；追加列"
"mkt-off","materials.csv","legal_check","csv","string","","true","mkt-off/materials.csv","L3","false","","法务项：未审/待改/通过（""待改""＝法务意见要求修改后重审）；原始列"
"mkt-off","materials.csv","material","csv","string","","true","mkt-off/materials.csv","L3","false","","物料名称；原始列"
"mkt-off","materials.csv","material_id","csv","string","","true","mkt-off/materials.csv","L3","false","","物料 ID，唯一主键，格式 `M-####`（M-2601~M-2614 连续编号）；追加列"
"mkt-off","materials.csv","owner","csv","string","","true","mkt-off/dealer_agreements.csv","L3","false","","责任主体（词表：市场部/渠道部/品牌组/行政支持）；原始列；存量值 `筹备中` 见 §1 存量取值登记"
"mkt-off","materials.csv","review_status","csv","string","","true","mkt-off/materials.csv","L3","false","","审查状态，枚举见 §4.2（待审/审核中/通过/驳回）；**仅 `通过` 可外发**；原始列"
"mkt-off","materials.csv","reviewed_at","csv","string","date-time","true","mkt-off/materials.csv","L3","false","","最近一次审查完成日；未审为 `-`；追加列"
"mkt-off","materials.csv","reviewer_brand","csv","string","","true","mkt-off/materials.csv","L3","false","","品牌审查人掩码名；未审为 `-`；追加列"
"mkt-off","materials.csv","reviewer_legal","csv","string","","true","mkt-off/materials.csv","L3","false","","法务审查人掩码名（姓 + `**`，如 `李**`）；未审为 `-`；追加列"
"mkt-off","materials.csv","type","csv","string","","true","mkt-off/materials.csv","L3","false","","物料类型：手册/易拉宝/包装/背板/邀请函/主视觉/视频/通稿/单页/导视/灯箱/海报；追加列"
"mkt-off","materials.csv","version","csv","string","","true","mkt-off/materials.csv","L3","false","","版本号 `V#`；驳回后返修须升版重审（§4.2）；追加列"
"mkt-off","workflow_output/mkt-off.booth-approve","approver","json","string","","true","workflow_input_or_user_upload","L3","false","mkt-off.booth-approve@1.0.0",""
"mkt-off","workflow_output/mkt-off.booth-approve","cost_wan","json","number","","true","workflow_input_or_user_upload","L3","false","mkt-off.booth-approve@1.0.0",""
"mkt-off","workflow_output/mkt-off.booth-approve","dates","json","string","date","true","workflow_input_or_user_upload","L3","false","mkt-off.booth-approve@1.0.0",""
"mkt-off","workflow_output/mkt-off.booth-approve","venue","json","string","","true","mkt-off/events.csv","L3","false","mkt-off.booth-approve@1.0.0","场地名称（合成场馆名，不含真实客户或酒店主体信息）；场地签约审批（`booth-approve`）标的；追加列"
"mkt-off","workflow_output/mkt-off.event-plan","budget_wan","json","number","","true","mkt-off/events.csv","L3","false","mkt-off.event-plan@1.0.0","计划预算（**万元**，整数）；原始列；预算超包判定字段（§9 V-MKTOFF-03）"
"mkt-off","workflow_output/mkt-off.event-plan","city","json","string","","true","mkt-off/events.csv","L3","false","mkt-off.event-plan@1.0.0","举办城市（广州/深圳/佛山/东莞/上海/武汉）；原始列"
"mkt-off","workflow_output/mkt-off.event-plan","event","json","string","","true","mkt-off/events.csv","L3","false","mkt-off.event-plan@1.0.0","活动名称（合成名称，全场唯一）；原始列"
"mkt-off","workflow_output/mkt-off.event-plan","schedule","json","string","","true","workflow_input_or_user_upload","L3","false","mkt-off.event-plan@1.0.0",""
"mkt-off","workflow_output/mkt-off.event-roi","actual_wan","json","string","","true","mkt-off/events.csv","L3","false","mkt-off.event-roi@1.0.0","实际支出（**万元**，整数）；未发生为 `0`；原始列；`actual_wan > budget_wan` 为超支行（本快照 5 行，最大超支 12.0%）"
"mkt-off","workflow_output/mkt-off.event-roi","budget_wan","json","number","","true","mkt-off/events.csv","L3","false","mkt-off.event-roi@1.0.0","计划预算（**万元**，整数）；原始列；预算超包判定字段（§9 V-MKTOFF-03）"
"mkt-off","workflow_output/mkt-off.event-roi","event","json","string","","true","mkt-off/events.csv","L3","false","mkt-off.event-roi@1.0.0","活动名称（合成名称，全场唯一）；原始列"
"mkt-off","workflow_output/mkt-off.event-roi","lessons","json","string","","true","workflow_input_or_user_upload","L3","false","mkt-off.event-roi@1.0.0",""
"mkt-off","workflow_output/mkt-off.event-roi","roi","json","number","","true","mkt-off/events.csv","L3","false","mkt-off.event-roi@1.0.0","投入产出比（1 位小数）＝ `revenue_wan ÷ actual_wan`；未结算行为 `0`；原始列；**GT-MKTOFF-03 必填字段，须可追溯到本表行**"
"mkt-off","workflow_output/mkt-off.lead-handoff","dedup_pct","json","number","","true","workflow_input_or_user_upload","L3","false","mkt-off.lead-handoff@1.0.0",""
"mkt-off","workflow_output/mkt-off.lead-handoff","event","json","string","","true","mkt-off/events.csv","L3","false","mkt-off.lead-handoff@1.0.0","活动名称（合成名称，全场唯一）；原始列"
"mkt-off","workflow_output/mkt-off.lead-handoff","leads","json","string","","true","mkt-off/events.csv","L3","false","mkt-off.lead-handoff@1.0.0","现场采集线索数（人次）；`执行中`及以前为 `0`（线索在活动结束后结算）；追加列"
"mkt-off","workflow_output/mkt-off.lead-handoff","owner","json","string","","true","mkt-off/dealer_agreements.csv","L3","false","mkt-off.lead-handoff@1.0.0","责任主体（词表：市场部/渠道部/品牌组/行政支持）；原始列；存量值 `筹备中` 见 §1 存量取值登记"
"mkt-off","workflow_output/mkt-off.material-review","brand_check","json","string","","true","mkt-off/materials.csv","L3","false","mkt-off.material-review@1.0.0","品牌项：未审/待改/通过；存量行含违规原因直填值 `字号不合规`（M-2604，等价""待改""，原因见 issue_type）；原始列"
"mkt-off","workflow_output/mkt-off.material-review","final_status","json","string","","true","workflow_input_or_user_upload","L3","false","mkt-off.material-review@1.0.0",""
"mkt-off","workflow_output/mkt-off.material-review","legal_check","json","string","","true","mkt-off/materials.csv","L3","false","mkt-off.material-review@1.0.0","法务项：未审/待改/通过（""待改""＝法务意见要求修改后重审）；原始列"
"mkt-off","workflow_output/mkt-off.material-review","material","json","string","","true","mkt-off/materials.csv","L3","false","mkt-off.material-review@1.0.0","物料名称；原始列"
"mkt-off","workflow_output/mkt-off.vendor-brief","dealer_masked","json","string","","true","mkt-off/dealer_agreements.csv","L3","true","mkt-off.vendor-brief@1.0.0","经销商标识掩码 `DEALER-***##`（不可还原）；出域/入报告只允许此形态（§9 V-MKTOFF-07）"
"mkt-off","workflow_output/mkt-off.vendor-brief","risk","json","string","","true","workflow_input_or_user_upload","L3","false","mkt-off.vendor-brief@1.0.0",""
"mkt-off","workflow_output/mkt-off.vendor-brief","sellthrough","json","number","","true","workflow_input_or_user_upload","L3","false","mkt-off.vendor-brief@1.0.0",""
"mkt-off","workflow_output/mkt-off.vendor-brief","terms_exec","json","string","","true","workflow_input_or_user_upload","L3","false","mkt-off.vendor-brief@1.0.0",""
"mkt-on","ad_spend.csv","approved_budget_wan","csv","number","","true","mkt-on/ad_spend.csv","L4","false","","当周批准预算（**万元**，2 位小数）；`spend_wan > approved_budget_wan` 即超包，须转 `mkt-on.ad-spend-review`"
"mkt-on","ad_spend.csv","channel","csv","string","","true","mkt-on/ad_spend.csv","L4","false","","线上获客渠道，取 `CHANNEL` 词表（公众号/视频号/抖音/小红书/知乎/官网/百度SEM/信息流）；线下来源（行业展/转介绍）为 `-`；追加列，是 campaign-report 渠道口径与跨表连接的键"
"mkt-on","ad_spend.csv","clicks","csv","number","","true","mkt-on/ad_spend.csv","L4","false","","点击量（平台只读口径，整数）；CPC 由 `spend_wan × 10000 / clicks` 派生，不落列"
"mkt-on","ad_spend.csv","impressions","csv","number","","true","mkt-on/ad_spend.csv","L4","false","","曝光量（平台只读口径，整数）"
"mkt-on","ad_spend.csv","owner","csv","string","","true","mkt-on/ad_spend.csv","L4","false","","责任组：内容组 / 视频组 / 活动组 / 市场运营；原始列"
"mkt-on","ad_spend.csv","spend_wan","csv","number","","true","mkt-on/ad_spend.csv","L4","false","","当周实际花费（**万元**，2 位小数）；W40 合计 34.00、W39 合计 30.50"
"mkt-on","ad_spend.csv","week","csv","string","","true","mkt-on/ad_spend.csv","L4","false","","ISO 周 `YYYY-Www`（2026-W39 / 2026-W40）；W40 为基线日所在周的**上周**（GT-MKTON-02 报告期），W39 为环比周"
"mkt-on","content_calendar.csv","channel","csv","string","","true","mkt-on/ad_spend.csv","L4","false","","线上获客渠道，取 `CHANNEL` 词表（公众号/视频号/抖音/小红书/知乎/官网/百度SEM/信息流）；线下来源（行业展/转介绍）为 `-`；追加列，是 campaign-report 渠道口径与跨表连接的键"
"mkt-on","content_calendar.csv","content_id","csv","string","","true","mkt-on/content_calendar.csv","L4","false","","内容 ID，唯一主键，格式 `CT-####`（CT-2051~CT-2065）；追加列，是发布审批与跨域复用的证据键"
"mkt-on","content_calendar.csv","content_type","csv","string","","true","mkt-on/content_calendar.csv","L4","false","","内容形态：图文 / 长图 / 短视频 / 专题页 / 直播；追加列"
"mkt-on","content_calendar.csv","date","csv","string","date","true","mkt-on/content_calendar.csv","L4","false","","排期日 `MM-DD`（基线年 2026，简写口径；导入时按基线年补全为 `YYYY-MM-DD`）；原始列。覆盖 2026-W40~W42，窗口为两周滚动（10-05~10-18）+ W40 周转存行（10-02）"
"mkt-on","content_calendar.csv","owner","csv","string","","true","mkt-on/ad_spend.csv","L4","false","","责任组：内容组 / 视频组 / 活动组 / 市场运营；原始列"
"mkt-on","content_calendar.csv","pii_check","csv","string","","true","mkt-on/content_calendar.csv","L4","false","","素材脱敏标记：无PII / 待脱敏 / 已脱敏。`待脱敏` 的素材**不得**置 `已排期/已发布`，须过 `redact_gate` 后改 `已脱敏` 才可发布（§5/§9 V-MKT-07）；追加列"
"mkt-on","content_calendar.csv","publish_time","csv","string","date-time","true","mkt-on/content_calendar.csv","L4","false","","计划发布时间 `HH:mm`（同日同渠道冲突判定不看时刻，只看 日期+渠道，见 §9 V-MKT-02）；追加列"
"mkt-on","content_calendar.csv","status","csv","string","","true","mkt-on/content_calendar.csv","L4","false","","内容状态，枚举见 §4.1：草稿 / 待审核 / 已排期 / 已驳回 / 已发布；原始列"
"mkt-on","content_calendar.csv","title","csv","string","","true","mkt-on/content_calendar.csv","L4","false","","内容标题（禁虚假承诺话术，见 §9 V-MKT-06）；原始列"
"mkt-on","leads.csv","channel","csv","string","","true","mkt-on/ad_spend.csv","L4","false","","线上获客渠道，取 `CHANNEL` 词表（公众号/视频号/抖音/小红书/知乎/官网/百度SEM/信息流）；线下来源（行业展/转介绍）为 `-`；追加列，是 campaign-report 渠道口径与跨表连接的键"
"mkt-on","leads.csv","contact_masked","csv","string","","true","mkt-on/leads.csv","L4","true","","手机号或邮箱的**掩码列**（二选一）：手机 `138****2341`（前 3 后 4）、邮箱 `chen****@corp.com`（本地名前缀 + 星号）；掩码前值不得入库/出域/入记忆层；原始列，对应 redact 口径 `lead_phone`"
"mkt-on","leads.csv","created_at","csv","string","date-time","true","mkt-on/leads.csv","L4","false","","线索创建日 `YYYY-MM-DD`；ISO 周用于 lead-funnel 与 ROI 归因（W39：2101~2110；W40：2111~2117；W41：2118~2120）；追加列"
"mkt-on","leads.csv","est_value_wan","csv","number","","true","mkt-on/leads.csv","L4","false","","预估商机金额（**万元**，1 位小数），由 `score` 分档生成（§9 V-MKT-03）；`stage=无效` 时为 0.0；追加列，是渠道 ROI 的分子"
"mkt-on","leads.csv","lead_id","csv","string","","true","mkt-on/leads.csv","L4","false","","线索 ID，唯一主键，格式 `LEAD-####`（LEAD-2101~LEAD-2120 连续编号）；原始列"
"mkt-on","leads.csv","note","csv","string","","true","mkt-on/leads.csv","L4","false","","运营注记（无效原因、来源说明、跨域联动标记等）；无则 `-`；追加列"
"mkt-on","leads.csv","owner_masked","csv","string","","true","mkt-on/leads.csv","L4","false","","跟进人掩码（姓 + `**`，如 `张**`）；本表 PII 字段声明为 `lead_phone`，故不得落跟进人全名；追加列"
"mkt-on","leads.csv","score","csv","number","","true","mkt-on/leads.csv","L4","false","","线索评分 0-100（整数），决定 `est_value_wan` 分档；原始列"
"mkt-on","leads.csv","source","csv","string","","true","mkt-on/leads.csv","L4","false","","来源方式：官网表单 / 投放落地页 / 内容页留资 / 行业展 / 转介绍（前 3 类为线上来源，后 2 类为线下来源）；原始列"
"mkt-on","leads.csv","stage","csv","string","","true","mkt-on/leads.csv","L4","false","","线索阶段，枚举见 §4.2，落地存中文展示值：新线索 / 接触中 / 报价中 / 已赢单 / 无效；原始列"
"mkt-on","workflow_output/mkt-on.ad-spend-review","channel","json","string","","true","mkt-on/ad_spend.csv","L4","false","mkt-on.ad-spend-review@1.0.0","线上获客渠道，取 `CHANNEL` 词表（公众号/视频号/抖音/小红书/知乎/官网/百度SEM/信息流）；线下来源（行业展/转介绍）为 `-`；追加列，是 campaign-report 渠道口径与跨表连接的键"
"mkt-on","workflow_output/mkt-on.ad-spend-review","current_spend_wan","json","string","","true","workflow_input_or_user_upload","L4","false","mkt-on.ad-spend-review@1.0.0",""
"mkt-on","workflow_output/mkt-on.ad-spend-review","expected_roi","json","number","","true","workflow_input_or_user_upload","L4","false","mkt-on.ad-spend-review@1.0.0",""
"mkt-on","workflow_output/mkt-on.ad-spend-review","increment_wan","json","string","","true","workflow_input_or_user_upload","L4","false","mkt-on.ad-spend-review@1.0.0",""
"mkt-on","workflow_output/mkt-on.campaign-report","channel","json","string","","true","mkt-on/ad_spend.csv","L4","false","mkt-on.campaign-report@1.0.0","线上获客渠道，取 `CHANNEL` 词表（公众号/视频号/抖音/小红书/知乎/官网/百度SEM/信息流）；线下来源（行业展/转介绍）为 `-`；追加列，是 campaign-report 渠道口径与跨表连接的键"
"mkt-on","workflow_output/mkt-on.campaign-report","leads","json","string","","true","workflow_input_or_user_upload","L4","false","mkt-on.campaign-report@1.0.0",""
"mkt-on","workflow_output/mkt-on.campaign-report","roi","json","number","","true","workflow_input_or_user_upload","L4","false","mkt-on.campaign-report@1.0.0",""
"mkt-on","workflow_output/mkt-on.campaign-report","spend_wan","json","string","","true","mkt-on/ad_spend.csv","L4","false","mkt-on.campaign-report@1.0.0","当周实际花费（**万元**，2 位小数）；W40 合计 34.00、W39 合计 30.50"
"mkt-on","workflow_output/mkt-on.campaign-report","week","json","string","","true","mkt-on/ad_spend.csv","L4","false","mkt-on.campaign-report@1.0.0","ISO 周 `YYYY-Www`（2026-W39 / 2026-W40）；W40 为基线日所在周的**上周**（GT-MKTON-02 报告期），W39 为环比周"
"mkt-on","workflow_output/mkt-on.content-calendar","channel","json","string","","true","mkt-on/ad_spend.csv","L4","false","mkt-on.content-calendar@1.0.0","线上获客渠道，取 `CHANNEL` 词表（公众号/视频号/抖音/小红书/知乎/官网/百度SEM/信息流）；线下来源（行业展/转介绍）为 `-`；追加列，是 campaign-report 渠道口径与跨表连接的键"
"mkt-on","workflow_output/mkt-on.content-calendar","date","json","string","date","true","mkt-on/content_calendar.csv","L4","false","mkt-on.content-calendar@1.0.0","排期日 `MM-DD`（基线年 2026，简写口径；导入时按基线年补全为 `YYYY-MM-DD`）；原始列。覆盖 2026-W40~W42，窗口为两周滚动（10-05~10-18）+ W40 周转存行（10-02）"
"mkt-on","workflow_output/mkt-on.content-calendar","status","json","string","","true","mkt-on/content_calendar.csv","L4","false","mkt-on.content-calendar@1.0.0","内容状态，枚举见 §4.1：草稿 / 待审核 / 已排期 / 已驳回 / 已发布；原始列"
"mkt-on","workflow_output/mkt-on.content-calendar","title","json","string","","true","mkt-on/content_calendar.csv","L4","false","mkt-on.content-calendar@1.0.0","内容标题（禁虚假承诺话术，见 §9 V-MKT-06）；原始列"
"mkt-on","workflow_output/mkt-on.lead-funnel","conversion_pct","json","number","","true","workflow_input_or_user_upload","L4","false","mkt-on.lead-funnel@1.0.0",""
"mkt-on","workflow_output/mkt-on.lead-funnel","count","json","integer","","true","workflow_input_or_user_upload","L4","false","mkt-on.lead-funnel@1.0.0",""
"mkt-on","workflow_output/mkt-on.lead-funnel","stage","json","string","","true","mkt-on/leads.csv","L4","false","mkt-on.lead-funnel@1.0.0","线索阶段，枚举见 §4.2，落地存中文展示值：新线索 / 接触中 / 报价中 / 已赢单 / 无效；原始列"
"mkt-on","workflow_output/mkt-on.lead-funnel","week","json","string","","true","mkt-on/ad_spend.csv","L4","false","mkt-on.lead-funnel@1.0.0","ISO 周 `YYYY-Www`（2026-W39 / 2026-W40）；W40 为基线日所在周的**上周**（GT-MKTON-02 报告期），W39 为环比周"
"mkt-on","workflow_output/mkt-on.publish-approve","approver","json","string","","true","workflow_input_or_user_upload","L4","false","mkt-on.publish-approve@1.0.0",""
"mkt-on","workflow_output/mkt-on.publish-approve","channel","json","string","","true","mkt-on/ad_spend.csv","L4","false","mkt-on.publish-approve@1.0.0","线上获客渠道，取 `CHANNEL` 词表（公众号/视频号/抖音/小红书/知乎/官网/百度SEM/信息流）；线下来源（行业展/转介绍）为 `-`；追加列，是 campaign-report 渠道口径与跨表连接的键"
"mkt-on","workflow_output/mkt-on.publish-approve","pii_check","json","string","","true","mkt-on/content_calendar.csv","L4","false","mkt-on.publish-approve@1.0.0","素材脱敏标记：无PII / 待脱敏 / 已脱敏。`待脱敏` 的素材**不得**置 `已排期/已发布`，须过 `redact_gate` 后改 `已脱敏` 才可发布（§5/§9 V-MKT-07）；追加列"
"mkt-on","workflow_output/mkt-on.publish-approve","publish_at","json","string","date-time","true","workflow_input_or_user_upload","L4","false","mkt-on.publish-approve@1.0.0",""
"mkt-on","workflow_output/mkt-on.publish-approve","title","json","string","","true","mkt-on/content_calendar.csv","L4","false","mkt-on.publish-approve@1.0.0","内容标题（禁虚假承诺话术，见 §9 V-MKT-06）；原始列"
"mkt-on","workflow_output/mkt-on.seo-audit","issue","json","string","","true","workflow_input_or_user_upload","L4","false","mkt-on.seo-audit@1.0.0",""
"mkt-on","workflow_output/mkt-on.seo-audit","keywords","json","string","","true","workflow_input_or_user_upload","L4","false","mkt-on.seo-audit@1.0.0",""
"mkt-on","workflow_output/mkt-on.seo-audit","page","json","string","","true","workflow_input_or_user_upload","L4","false","mkt-on.seo-audit@1.0.0",""
"mkt-on","workflow_output/mkt-on.seo-audit","rank","json","integer","","true","workflow_input_or_user_upload","L4","false","mkt-on.seo-audit@1.0.0",""
"prf","calibration.csv","calibrated_grade","csv","number","","true","prf/calibration.csv","L4","false","","校准会议调整后等级（S/A/B/C/D）。为强制分布（§9 V5/V6）与等级分布比对（`prf.grade-distribution`）的统计口径字段"
"prf","calibration.csv","cycle","csv","string","","true","prf/calibration.csv","L4","false","","〔追加列〕考核周期标识（Q4-2026），与 `kpi.csv.period`（Q4）对应"
"prf","calibration.csv","delta_note","csv","number","","true","prf/calibration.csv","L4","false","","校准调整说明（= scene 的 `review_note`，脱敏字段）。`超出：*` 表示上调、`下调：*` 表示下调、`一致*` 表示维持"
"prf","calibration.csv","dept","csv","string","","true","prf/calibration.csv","L4","false","","〔追加列〕所属部门，须与 `calibration.csv` 同一员工的 `dept` 一致"
"prf","calibration.csv","employee_masked","csv","string","","true","prf/calibration.csv","L4","true","","〔追加列〕员工脱敏工号 `EMP-****NN`，与 `calibration.csv.employee_masked` 同源可 join；全表为合成 ID"
"prf","calibration.csv","final_score","csv","number","","true","prf/calibration.csv","L4","false","","〔追加列〕终评 = `self_score × 20% + mgr_score × 80%`，保留 1 位（可配 30/70，见 §9 V3）；= scene 的 `review_score` 之一"
"prf","calibration.csv","manager_grade","csv","string","","true","prf/calibration.csv","L4","false","","主管评分档位（S/A/B/C/D），等于 `final_score` 按 §4.3 阈值映射的结果；即在途/申诉前不得由人工直填"
"prf","calibration.csv","mgr_score","csv","number","","true","prf/calibration.csv","L4","false","","〔追加列〕主管评分 0-100，整数；= scene 的 `review_score` 之一"
"prf","calibration.csv","self_score","csv","number","","true","prf/calibration.csv","L4","false","","〔追加列〕员工自评 0-100，整数；= scene 的 `review_score` 之一"
"prf","calibration.csv","status","csv","string","","true","prf/calibration.csv","L4","false","","〔追加列〕追踪预警状态：`on_track` / `at_risk` / `behind`（词表对齐 OKR_STATUS，未新增全局枚举）；阈值见 §9 V9"
"prf","kpi.csv","actual","csv","number","","true","prf/kpi.csv","L4","false","","周期实际值，与 `target` 同口径"
"prf","kpi.csv","dept","csv","string","","true","prf/calibration.csv","L4","false","","〔追加列〕所属部门，须与 `calibration.csv` 同一员工的 `dept` 一致"
"prf","kpi.csv","employee_masked","csv","string","","true","prf/calibration.csv","L4","true","","〔追加列〕员工脱敏工号 `EMP-****NN`，与 `calibration.csv.employee_masked` 同源可 join；全表为合成 ID"
"prf","kpi.csv","kpi","csv","string","","true","prf/kpi.csv","L4","false","","指标名（如 新签销售额(万)/客户续约率/需求交付准时率/人效指数）。同名指标可跨员工复用，靠 `employee_masked` 区分"
"prf","kpi.csv","period","csv","string","","true","prf/kpi.csv","L4","false","","周期简写（本批 Q4）。完整周期标识见 `calibration.csv.cycle`（Q4-2026），本季度二者一一对应"
"prf","kpi.csv","position","csv","string","","true","prf/kpi.csv","L4","false","","〔追加列〕岗位名（如 客户经理/后端工程师），用于目标分解到岗位（GT-PRF-03）"
"prf","kpi.csv","rate","csv","number","","true","prf/kpi.csv","L4","false","","达成率 = `actual / target × 100`，保留 1 位小数；见 §9 V8"
"prf","kpi.csv","status","csv","string","","true","prf/calibration.csv","L4","false","","〔追加列〕追踪预警状态：`on_track` / `at_risk` / `behind`（词表对齐 OKR_STATUS，未新增全局枚举）；阈值见 §9 V9"
"prf","kpi.csv","target","csv","number","","true","prf/kpi.csv","L4","false","","周期目标值；百分比类指标以 92 表示 92%，金额类以万为单位（表头单位见 `kpi` 括号）"
"prf","kpi.csv","weight","csv","number","","true","prf/kpi.csv","L4","false","","〔追加列〕该指标在本员工本周期内的权重（%）；同一 `employee_masked` 下 `weight` 合计必须 = 100，见 §9 V4"
"prf","workflow_output/prf.calibration-approve","approvals","json","array","","true","workflow_input_or_user_upload","L4","false","prf.calibration-approve@1.0.0",""
"prf","workflow_output/prf.calibration-approve","calibrated_grade","json","number","","true","prf/calibration.csv","L4","false","prf.calibration-approve@1.0.0","校准会议调整后等级（S/A/B/C/D）。为强制分布（§9 V5/V6）与等级分布比对（`prf.grade-distribution`）的统计口径字段"
"prf","workflow_output/prf.calibration-approve","employee_masked","json","string","","true","prf/calibration.csv","L4","true","prf.calibration-approve@1.0.0","〔追加列〕员工脱敏工号 `EMP-****NN`，与 `calibration.csv.employee_masked` 同源可 join；全表为合成 ID"
"prf","workflow_output/prf.calibration-approve","manager_grade","json","string","","true","prf/calibration.csv","L4","false","prf.calibration-approve@1.0.0","主管评分档位（S/A/B/C/D），等于 `final_score` 按 §4.3 阈值映射的结果；即在途/申诉前不得由人工直填"
"prf","workflow_output/prf.cascade-report","goal","json","string","","true","workflow_input_or_user_upload","L4","false","prf.cascade-report@1.0.0",""
"prf","workflow_output/prf.cascade-report","level","json","string","","true","workflow_input_or_user_upload","L4","false","prf.cascade-report@1.0.0",""
"prf","workflow_output/prf.cascade-report","owner_masked","json","string","","true","workflow_input_or_user_upload","L4","false","prf.cascade-report@1.0.0",""
"prf","workflow_output/prf.cascade-report","weight","json","number","","true","prf/kpi.csv","L4","false","prf.cascade-report@1.0.0","〔追加列〕该指标在本员工本周期内的权重（%）；同一 `employee_masked` 下 `weight` 合计必须 = 100，见 §9 V4"
"prf","workflow_output/prf.grade-distribution","count","json","integer","","true","workflow_input_or_user_upload","L4","false","prf.grade-distribution@1.0.0",""
"prf","workflow_output/prf.grade-distribution","grade","json","string","","true","workflow_input_or_user_upload","L4","false","prf.grade-distribution@1.0.0",""
"prf","workflow_output/prf.grade-distribution","pct","json","number","","true","workflow_input_or_user_upload","L4","false","prf.grade-distribution@1.0.0",""
"prf","workflow_output/prf.grade-distribution","target_pct","json","number","","true","workflow_input_or_user_upload","L4","false","prf.grade-distribution@1.0.0",""
"prf","workflow_output/prf.kpi-tracking","actual","json","string","","true","prf/kpi.csv","L4","false","prf.kpi-tracking@1.0.0","周期实际值，与 `target` 同口径"
"prf","workflow_output/prf.kpi-tracking","kpi","json","string","","true","prf/kpi.csv","L4","false","prf.kpi-tracking@1.0.0","指标名（如 新签销售额(万)/客户续约率/需求交付准时率/人效指数）。同名指标可跨员工复用，靠 `employee_masked` 区分"
"prf","workflow_output/prf.kpi-tracking","rate","json","number","","true","prf/kpi.csv","L4","false","prf.kpi-tracking@1.0.0","达成率 = `actual / target × 100`，保留 1 位小数；见 §9 V8"
"prf","workflow_output/prf.kpi-tracking","target","json","string","","true","prf/kpi.csv","L4","false","prf.kpi-tracking@1.0.0","周期目标值；百分比类指标以 92 表示 92%，金额类以万为单位（表头单位见 `kpi` 括号）"
"prf","workflow_output/prf.one-on-one","actions","json","array","","true","workflow_input_or_user_upload","L4","false","prf.one-on-one@1.0.0",""
"prf","workflow_output/prf.one-on-one","employee_masked","json","string","","true","prf/calibration.csv","L4","true","prf.one-on-one@1.0.0","〔追加列〕员工脱敏工号 `EMP-****NN`，与 `calibration.csv.employee_masked` 同源可 join；全表为合成 ID"
"prf","workflow_output/prf.one-on-one","next_date","json","string","date","true","workflow_input_or_user_upload","L4","false","prf.one-on-one@1.0.0",""
"prf","workflow_output/prf.one-on-one","topics","json","string","","true","workflow_input_or_user_upload","L4","false","prf.one-on-one@1.0.0",""
"prf","workflow_output/prf.review-cycle","cycle","json","string","","true","prf/calibration.csv","L4","false","prf.review-cycle@1.0.0","〔追加列〕考核周期标识（Q4-2026），与 `kpi.csv.period`（Q4）对应"
"prf","workflow_output/prf.review-cycle","deadline","json","string","date","true","workflow_input_or_user_upload","L4","false","prf.review-cycle@1.0.0",""
"prf","workflow_output/prf.review-cycle","targets","json","array","","true","workflow_input_or_user_upload","L4","false","prf.review-cycle@1.0.0",""
"prf","workflow_output/prf.review-cycle","template","json","string","","true","workflow_input_or_user_upload","L4","false","prf.review-cycle@1.0.0",""
"rec","candidates.csv","candidate_id","csv","string","date","true","rec/candidates.csv","L3","false","","候选人 ID（`C` + 3 位），唯一主键；interviews.cand_id 的外键指向本列"
"rec","candidates.csv","candidate_idcard","csv","string","date","true","rec/candidates.csv","L3","true","","身份证号（PII）。落地值为脱敏形态 `4403**********1234`（前 4 后 4，中间 10 星）；完整值不得出域"
"rec","candidates.csv","candidate_masked","csv","string","date","true","rec/candidates.csv","L3","true","","姓名掩码（姓 + `**`），唯一展示标识；原始姓名不入库"
"rec","candidates.csv","candidate_phone","csv","string","date","true","rec/candidates.csv","L3","true","","手机号（PII）。落地值为脱敏形态 `138****5678`（前 3 后 4，中间 4 星）；完整值不得出域"
"rec","candidates.csv","education","csv","string","","true","rec/candidates.csv","L3","false","","大专/本科/硕士/博士"
"rec","candidates.csv","exp_years","csv","number","","true","rec/candidates.csv","L3","false","","工作年限（0-40，整数）"
"rec","candidates.csv","interview_at","csv","string","date-time","true","rec/candidates.csv","L3","false","","下一场（或最近一场关键）面试时间，格式 `YYYY-MM-DD HH:mm`；无则 `-`"
"rec","candidates.csv","note","csv","string","","true","rec/candidates.csv","L3","false","","运营注记（淘汰原因、冲突提示、联动待办等）"
"rec","candidates.csv","offer_salary","csv","number","","true","rec/candidates.csv","L3","false","","定薪（元/月），须落在 comp.bands 区间内；未发放为 `-`"
"rec","candidates.csv","offer_status","csv","string","","true","rec/candidates.csv","L3","false","","`-` / sent 已发送 / accepted 已接受 / declined 已放弃"
"rec","candidates.csv","onboard_status","csv","string","","true","rec/candidates.csv","L3","false","","`-` / pending 待入职 / done 已入职"
"rec","candidates.csv","position","csv","string","","true","rec/candidates.csv","L3","false","","应聘岗位名（对齐职位表 title；本域职位表未落地，暂按岗位名引用）"
"rec","candidates.csv","score","csv","number","","true","rec/candidates.csv","L3","false","","已完成轮次的最新面试评分（0-100）；无已评轮次为 `-`"
"rec","candidates.csv","source","csv","string","","true","rec/candidates.csv","L3","false","","来源渠道：猎头/内推/官网/招聘网站/BOSS直聘/猎聘/校招（对齐 PRD B8 渠道口径）"
"rec","candidates.csv","stage","csv","string","","true","rec/candidates.csv","L3","false","","候选人阶段，枚举见 §4.1，落地存英文枚举值（screening/first/second/final/offer/hired/rejected/talent）"
"rec","candidates.csv","summary","csv","object","","true","rec/candidates.csv","L3","false","","面试摘要徽标：good/medium/bad（看板卡片字段）"
"rec","funnel.csv","conversion_pct","csv","number","","true","rec/funnel.csv","L3","false","","以当周「简历投递」为基期 100 的累计转化率（占比口径，非段间转化），引用时须区分"
"rec","funnel.csv","count","csv","integer","","true","rec/funnel.csv","L3","false","","该周该阶段人数"
"rec","funnel.csv","stage","csv","string","","true","rec/candidates.csv","L3","false","","候选人阶段，枚举见 §4.1，落地存英文枚举值（screening/first/second/final/offer/hired/rejected/talent）"
"rec","funnel.csv","week","csv","string","","true","rec/funnel.csv","L3","false","","ISO 周（2026-W38/W39/W40）。追加列：原有 3 列列名保持不变"
"rec","interviews.csv","cand_id","csv","string","","true","rec/interviews.csv","L3","false","","→ candidates.candidate_id 外键；禁止孤儿行（见 §9）"
"rec","interviews.csv","comment","csv","string","","true","rec/interviews.csv","L3","false","","评语与结论（脱敏后写入，不含候选人 PII）"
"rec","interviews.csv","interview_at","csv","string","date-time","true","rec/candidates.csv","L3","false","","下一场（或最近一场关键）面试时间，格式 `YYYY-MM-DD HH:mm`；无则 `-`"
"rec","interviews.csv","interview_id","csv","string","","true","rec/interviews.csv","L3","false","","面试记录 ID（`IV` + 3 位），唯一主键"
"rec","interviews.csv","interviewer","csv","string","","true","rec/interviews.csv","L3","false","","面试官掩码名（姓 + `**`）。本表 PII 字段声明为空，故不得落面试官全名"
"rec","interviews.csv","interviewer_role","csv","string","","true","rec/interviews.csv","L3","false","","面试官角色：销售总监/HRD/技术负责人/前端组长/数据负责人/招聘负责人/财务经理"
"rec","interviews.csv","mode","csv","string","","true","rec/interviews.csv","L3","false","","现场/视频/电话"
"rec","interviews.csv","result","csv","string","","true","rec/interviews.csv","L3","false","","面试结果，枚举见 §4.2：pending 待定 / pass 通过 / fail 未通过"
"rec","interviews.csv","round","csv","string","","true","rec/interviews.csv","L3","false","","first 初试 / second 复试 / final 终面"
"rec","interviews.csv","score","csv","number","","true","rec/candidates.csv","L3","false","","已完成轮次的最新面试评分（0-100）；无已评轮次为 `-`"
"rec","workflow_output/rec.funnel-weekly","conversion_pct","json","number","","true","rec/funnel.csv","L3","false","rec.funnel-weekly@1.0.0","以当周「简历投递」为基期 100 的累计转化率（占比口径，非段间转化），引用时须区分"
"rec","workflow_output/rec.funnel-weekly","count","json","integer","","true","rec/funnel.csv","L3","false","rec.funnel-weekly@1.0.0","该周该阶段人数"
"rec","workflow_output/rec.funnel-weekly","source","json","string","","true","rec/candidates.csv","L3","false","rec.funnel-weekly@1.0.0","来源渠道：猎头/内推/官网/招聘网站/BOSS直聘/猎聘/校招（对齐 PRD B8 渠道口径）"
"rec","workflow_output/rec.funnel-weekly","stage","json","string","","true","rec/candidates.csv","L3","false","rec.funnel-weekly@1.0.0","候选人阶段，枚举见 §4.1，落地存英文枚举值（screening/first/second/final/offer/hired/rejected/talent）"
"rec","workflow_output/rec.funnel-weekly","week","json","string","","true","rec/funnel.csv","L3","false","rec.funnel-weekly@1.0.0","ISO 周（2026-W38/W39/W40）。追加列：原有 3 列列名保持不变"
"rec","workflow_output/rec.interview-schedule","candidate_masked","json","string","date","true","rec/candidates.csv","L3","true","rec.interview-schedule@1.0.0","姓名掩码（姓 + `**`），唯一展示标识；原始姓名不入库"
"rec","workflow_output/rec.interview-schedule","conflicts","json","array","","true","workflow_input_or_user_upload","L3","false","rec.interview-schedule@1.0.0",""
"rec","workflow_output/rec.interview-schedule","interviewers","json","string","","true","workflow_input_or_user_upload","L3","false","rec.interview-schedule@1.0.0",""
"rec","workflow_output/rec.interview-schedule","mode","json","string","","true","rec/interviews.csv","L3","false","rec.interview-schedule@1.0.0","现场/视频/电话"
"rec","workflow_output/rec.interview-schedule","question_bank_id","json","object","","true","workflow_input_or_user_upload","L3","true","rec.interview-schedule@1.0.0",""
"rec","workflow_output/rec.interview-schedule","scorecard_id","json","object","","true","workflow_input_or_user_upload","L3","false","rec.interview-schedule@1.0.0",""
"rec","workflow_output/rec.interview-schedule","slot","json","string","","true","workflow_input_or_user_upload","L3","false","rec.interview-schedule@1.0.0",""
"rec","workflow_output/rec.jd-draft","band","json","object","","true","workflow_input_or_user_upload","L3","false","rec.jd-draft@1.0.0",""
"rec","workflow_output/rec.jd-draft","competencies","json","array","","true","workflow_input_or_user_upload","L3","false","rec.jd-draft@1.0.0",""
"rec","workflow_output/rec.jd-draft","locale","json","string","","true","workflow_input_or_user_upload","L3","false","rec.jd-draft@1.0.0",""
"rec","workflow_output/rec.jd-draft","mission","json","string","","true","workflow_input_or_user_upload","L3","false","rec.jd-draft@1.0.0",""
"rec","workflow_output/rec.jd-draft","position","json","string","","true","rec/candidates.csv","L3","false","rec.jd-draft@1.0.0","应聘岗位名（对齐职位表 title；本域职位表未落地，暂按岗位名引用）"
"rec","workflow_output/rec.jd-draft","requirements","json","string","","true","workflow_input_or_user_upload","L3","false","rec.jd-draft@1.0.0",""
"rec","workflow_output/rec.offer-approve","approvals","json","array","","true","workflow_input_or_user_upload","L3","false","rec.offer-approve@1.0.0",""
"rec","workflow_output/rec.offer-approve","candidate_masked","json","string","date","true","rec/candidates.csv","L3","true","rec.offer-approve@1.0.0","姓名掩码（姓 + `**`），唯一展示标识；原始姓名不入库"
"rec","workflow_output/rec.offer-approve","feedback_summary","json","object","","true","workflow_input_or_user_upload","L3","false","rec.offer-approve@1.0.0",""
"rec","workflow_output/rec.offer-approve","interview_scores","json","number","","true","workflow_input_or_user_upload","L3","false","rec.offer-approve@1.0.0",""
"rec","workflow_output/rec.offer-approve","offer_band","json","object","","true","workflow_input_or_user_upload","L3","false","rec.offer-approve@1.0.0",""
"rec","workflow_output/rec.offer-approve","position","json","string","","true","rec/candidates.csv","L3","false","rec.offer-approve@1.0.0","应聘岗位名（对齐职位表 title；本域职位表未落地，暂按岗位名引用）"
"rec","workflow_output/rec.offer-approve","proposed_range","json","object","","true","workflow_input_or_user_upload","L3","false","rec.offer-approve@1.0.0",""
"rec","workflow_output/rec.offer-approve","risk_flags","json","boolean","","true","workflow_input_or_user_upload","L3","false","rec.offer-approve@1.0.0",""
"rec","workflow_output/rec.onboarding-check","candidate_masked","json","string","date","true","rec/candidates.csv","L3","true","rec.onboarding-check@1.0.0","姓名掩码（姓 + `**`），唯一展示标识；原始姓名不入库"
"rec","workflow_output/rec.onboarding-check","due","json","string","date","true","workflow_input_or_user_upload","L3","false","rec.onboarding-check@1.0.0",""
"rec","workflow_output/rec.onboarding-check","goals_30_60_90","json","array","","true","workflow_input_or_user_upload","L3","false","rec.onboarding-check@1.0.0",""
"rec","workflow_output/rec.onboarding-check","item","json","string","","true","workflow_input_or_user_upload","L3","false","rec.onboarding-check@1.0.0",""
"rec","workflow_output/rec.onboarding-check","owner","json","string","","true","workflow_input_or_user_upload","L3","false","rec.onboarding-check@1.0.0",""
"rec","workflow_output/rec.onboarding-check","retention_90d","json","string","","true","workflow_input_or_user_upload","L3","false","rec.onboarding-check@1.0.0",""
"rec","workflow_output/rec.onboarding-check","start_date","json","string","date","true","workflow_input_or_user_upload","L3","false","rec.onboarding-check@1.0.0",""
"rec","workflow_output/rec.onboarding-check","status","json","string","","true","workflow_input_or_user_upload","L3","false","rec.onboarding-check@1.0.0",""
"rec","workflow_output/rec.resume-forward","approver","json","string","","true","workflow_input_or_user_upload","L3","false","rec.resume-forward@1.0.0",""
"rec","workflow_output/rec.resume-forward","candidate_masked","json","string","date","true","rec/candidates.csv","L3","true","rec.resume-forward@1.0.0","姓名掩码（姓 + `**`），唯一展示标识；原始姓名不入库"
"rec","workflow_output/rec.resume-forward","criteria_results","json","object","","true","workflow_input_or_user_upload","L3","false","rec.resume-forward@1.0.0",""
"rec","workflow_output/rec.resume-forward","match_score","json","number","","true","workflow_input_or_user_upload","L3","false","rec.resume-forward@1.0.0",""
"rec","workflow_output/rec.resume-forward","position","json","string","","true","rec/candidates.csv","L3","false","rec.resume-forward@1.0.0","应聘岗位名（对齐职位表 title；本域职位表未落地，暂按岗位名引用）"
"rec","workflow_output/rec.resume-forward","redact_fields","json","string","","true","workflow_input_or_user_upload","L3","false","rec.resume-forward@1.0.0",""
"rec","workflow_output/rec.resume-forward","resume_evidence","json","array","","true","workflow_input_or_user_upload","L3","false","rec.resume-forward@1.0.0",""
"rec","workflow_output/rec.resume-forward","target","json","string","","true","workflow_input_or_user_upload","L3","false","rec.resume-forward@1.0.0",""
"sales","pipeline.csv","amount_k","csv","number","","true","sales/pipeline.csv","L3","false","","商机预估金额（**千元**，整数）；折算万元 ÷10（§9 V-SALES-05）；原始列"
"sales","pipeline.csv","close_date","csv","string","date","true","sales/pipeline.csv","L3","false","","预计/实际成交日 `MM-DD`（源表无年份，保留原样）；原始列"
"sales","pipeline.csv","close_month","csv","string","","true","sales/pipeline.csv","L3","false","","成交归属月 `YYYY-MM`（2026-10/11/12），管道周报与月报的过滤键；追加列"
"sales","pipeline.csv","contact_masked","csv","string","","true","sales/pipeline.csv","L3","true","","客户联系人掩码（姓 + `****`）；真实姓名/手机/邮箱不入库；追加列"
"sales","pipeline.csv","contract_no","csv","string","","true","sales/pipeline.csv","L3","false","","销售合同号 `HT-YYYY-####`（赢单后回填，与 quotes.contract_no 一致）；非赢单为 `-`；追加列"
"sales","pipeline.csv","customer_id","csv","string","","true","sales/pipeline.csv","L3","false","","客户匿名代理键（`CUST-###`），不可还原为真实企业；quotes.customer_id 必须与本列一致；追加列"
"sales","pipeline.csv","customer_masked","csv","string","","true","sales/pipeline.csv","L3","true","","客户名称掩码（`某<行业>集团` 形态，如 `某物流集团`），与 quotes.customer_masked 同词表；追加列"
"sales","pipeline.csv","lost_reason","csv","string","","true","sales/pipeline.csv","L3","false","","输单原因：预算冻结 / 竞品低价；`stage=输单` 时必填，其余为 `-`；追加列"
"sales","pipeline.csv","next_action","csv","string","","true","sales/pipeline.csv","L3","false","","下一动作（销售跟进指令，脱敏文本，不含客户 PII）；追加列"
"sales","pipeline.csv","opportunity","csv","string","","true","sales/pipeline.csv","L3","false","","商机名称（`商机-<字母>（行业）`），展示口径；原始列"
"sales","pipeline.csv","opportunity_id","csv","string","","true","sales/pipeline.csv","L3","false","","商机 ID（`OPP-YYYY-####`），唯一主键；quotes.opportunity_id 的外键指向本列；追加列"
"sales","pipeline.csv","owner","csv","string","","true","sales/pipeline.csv","L3","false","","商机负责人掩码（姓 + `****`，如 `王****`）；原始列"
"sales","pipeline.csv","probability_pct","csv","number","","true","sales/pipeline.csv","L3","false","","阶段默认赢率（%）：线索 10 / 接触 20 / 方案 40 / 报价 60 / 谈判 80 / 赢单 100 / 输单 0；追加列"
"sales","pipeline.csv","region","csv","string","","true","sales/pipeline.csv","L3","false","","归属大区：华东 / 华南 / 华北 / 西南 / 华中（与 targets.region 同词表）；追加列"
"sales","pipeline.csv","source","csv","string","","true","sales/pipeline.csv","L3","false","","线索来源：官网表单 / 行业展会 / 投放落地页 / 转介绍 / 渠道推荐 / 陌拜 / CRM导入 / 公开招标（可回写 mkt-on 线索归因，§6）；追加列"
"sales","pipeline.csv","stage","csv","string","","true","sales/pipeline.csv","L3","false","","商机阶段，枚举与迁移见 §4.1（落地值：线索/接触/方案/报价/谈判/赢单/输单）；原始列"
"sales","pipeline.csv","updated_at","csv","string","date-time","true","sales/pipeline.csv","L3","false","","数据版本时间戳 `YYYY-MM-DD`，审计「依据数据版本」取该值，全表快照一致（2026-10-12）；追加列"
"sales","quotes.csv","approval_route","csv","string","","true","sales/quotes.csv","L3","false","","审批路由（按折扣档位与底价规则取较严者）：一级授权 / 双审批 / 双审批+CFO加签（§5）；映射 workflow `approvals` 字段（签数 1/2/3）；追加列"
"sales","quotes.csv","contact_masked","csv","string","","true","sales/pipeline.csv","L3","true","","客户联系人掩码（姓 + `****`）；真实姓名/手机/邮箱不入库；追加列"
"sales","quotes.csv","contract_no","csv","string","","true","sales/pipeline.csv","L3","false","","销售合同号 `HT-YYYY-####`（赢单后回填，与 quotes.contract_no 一致）；非赢单为 `-`；追加列"
"sales","quotes.csv","customer_id","csv","string","","true","sales/pipeline.csv","L3","false","","客户匿名代理键（`CUST-###`），不可还原为真实企业；quotes.customer_id 必须与本列一致；追加列"
"sales","quotes.csv","customer_masked","csv","string","","true","sales/pipeline.csv","L3","true","","客户名称掩码（`某<行业>集团` 形态，如 `某物流集团`），与 quotes.customer_masked 同词表；追加列"
"sales","quotes.csv","discount_floor_wan","csv","integer","","true","sales/quotes.csv","L3","false","","该配置的底价（**万元**，2 位小数）。承载 scene redact 字段 `discount_floor`：`total_wan < discount_floor_wan` 即「低于底价」，必须转报价审批（§9 V-SALES-04）；出域仅出「是否低于底价」的结论；追加列"
"sales","quotes.csv","discount_pct","csv","integer","","true","sales/quotes.csv","L3","false","","整单折扣率（%，0–30 有效区间）；审批档位判定阈值键（§5）；原始列"
"sales","quotes.csv","items","csv","array","","true","sales/quotes.csv","L3","false","","配置明细（`<版本>×<数量>+<附加项>`，如 `旗舰版×2+培训`）；产品版本：标准版/专业版/旗舰版，附加项：实施/培训；原始列"
"sales","quotes.csv","list_price_wan","csv","array","","true","sales/quotes.csv","L3","false","","目录价合计（**万元**，2 位小数），与 `items` 配置对应；追加列"
"sales","quotes.csv","note","csv","string","","true","sales/quotes.csv","L3","false","","备注（审批要点/驳回原因/规则命中说明，如「低于底价已转报价审批」「毛利率低于产品线红线驳回重报」）；追加列"
"sales","quotes.csv","opportunity_id","csv","string","","true","sales/pipeline.csv","L3","false","","商机 ID（`OPP-YYYY-####`），唯一主键；quotes.opportunity_id 的外键指向本列；追加列"
"sales","quotes.csv","payment_terms","csv","string","","true","sales/quotes.csv","L3","false","","拟约定回款条款：30%预付+70%验收（标准模板）/ 20%预付+40%发货+40%验收 / 20%预付+30%发货+50%验收 / 40%预付+60%验收 / 月结30天；追加列"
"sales","quotes.csv","quote_id","csv","string","","true","sales/quotes.csv","L3","false","","报价单号（`QT-####`），唯一主键；原始列"
"sales","quotes.csv","status","csv","string","","true","sales/quotes.csv","L3","false","","报价单状态，枚举与迁移见 §4.2（草稿/待审批/已批准/已驳回/已发出；既存落地值「已审批」≡「已批准」）；原始列"
"sales","quotes.csv","terms_deviation","csv","string","","true","sales/quotes.csv","L3","false","","相对标准回款条款的偏离：无 / 偏离；`偏离` 且已签合同 → 触发 cmp 合规留痕（§6）；追加列"
"sales","quotes.csv","total_wan","csv","number","","true","sales/quotes.csv","L3","false","","报价含税合计（**万元**，1 位小数）＝ `round(list_price_wan × (1 − discount_pct/100), 1)`（§9 V-SALES-05）；原始列"
"sales","quotes.csv","updated_at","csv","string","date-time","true","sales/pipeline.csv","L3","false","","数据版本时间戳 `YYYY-MM-DD`，审计「依据数据版本」取该值，全表快照一致（2026-10-12）；追加列"
"sales","targets.csv","owner_masked","csv","string","","true","sales/targets.csv","L3","false","","负责人掩码（姓 + `****`，须能在 pipeline.owner 命中）"
"sales","targets.csv","owner_target_wan","csv","number","","true","sales/targets.csv","L3","false","","负责人季度目标（**万元**）；`Σ(region 内 owner_target_wan) = region_quota_wan`"
"sales","targets.csv","quarter","csv","string","","true","sales/targets.csv","L3","false","","目标周期 `YYYY-Q#`（本快照 2026-Q4）"
"sales","targets.csv","region","csv","string","","true","sales/pipeline.csv","L3","false","","归属大区：华东 / 华南 / 华北 / 西南 / 华中（与 targets.region 同词表）；追加列"
"sales","targets.csv","region_quota_wan","csv","number","","true","sales/targets.csv","L3","false","","大区季度目标（**万元**）；同区各行取值必须一致"
"sales","targets.csv","updated_at","csv","string","date-time","true","sales/pipeline.csv","L3","false","","数据版本时间戳 `YYYY-MM-DD`，审计「依据数据版本」取该值，全表快照一致（2026-10-12）；追加列"
"sales","workflow_output/sales.contract-review","approvals","json","array","","true","workflow_input_or_user_upload","L3","false","sales.contract-review@1.0.0",""
"sales","workflow_output/sales.contract-review","contract_no","json","string","","true","sales/pipeline.csv","L3","false","sales.contract-review@1.0.0","销售合同号 `HT-YYYY-####`（赢单后回填，与 quotes.contract_no 一致）；非赢单为 `-`；追加列"
"sales","workflow_output/sales.contract-review","payment_terms","json","string","","true","sales/quotes.csv","L3","false","sales.contract-review@1.0.0","拟约定回款条款：30%预付+70%验收（标准模板）/ 20%预付+40%发货+40%验收 / 20%预付+30%发货+50%验收 / 40%预付+60%验收 / 月结30天；追加列"
"sales","workflow_output/sales.contract-review","terms_risk","json","string","","true","workflow_input_or_user_upload","L3","false","sales.contract-review@1.0.0",""
"sales","workflow_output/sales.pipeline-report","amount_k","json","number","","true","sales/pipeline.csv","L3","false","sales.pipeline-report@1.0.0","商机预估金额（**千元**，整数）；折算万元 ÷10（§9 V-SALES-05）；原始列"
"sales","workflow_output/sales.pipeline-report","count","json","integer","","true","workflow_input_or_user_upload","L3","false","sales.pipeline-report@1.0.0",""
"sales","workflow_output/sales.pipeline-report","stage","json","string","","true","sales/pipeline.csv","L3","false","sales.pipeline-report@1.0.0","商机阶段，枚举与迁移见 §4.1（落地值：线索/接触/方案/报价/谈判/赢单/输单）；原始列"
"sales","workflow_output/sales.pipeline-report","week","json","string","","true","workflow_input_or_user_upload","L3","false","sales.pipeline-report@1.0.0",""
"sales","workflow_output/sales.quote-approve","approvals","json","array","","true","workflow_input_or_user_upload","L3","false","sales.quote-approve@1.0.0",""
"sales","workflow_output/sales.quote-approve","discount_pct","json","integer","","true","sales/quotes.csv","L3","false","sales.quote-approve@1.0.0","整单折扣率（%，0–30 有效区间）；审批档位判定阈值键（§5）；原始列"
"sales","workflow_output/sales.quote-approve","quote_id","json","string","","true","sales/quotes.csv","L3","false","sales.quote-approve@1.0.0","报价单号（`QT-####`），唯一主键；原始列"
"sales","workflow_output/sales.quote-approve","total_wan","json","number","","true","sales/quotes.csv","L3","false","sales.quote-approve@1.0.0","报价含税合计（**万元**，1 位小数）＝ `round(list_price_wan × (1 − discount_pct/100), 1)`（§9 V-SALES-05）；原始列"
"sales","workflow_output/sales.quote-calc","customer_masked","json","string","","true","sales/pipeline.csv","L3","true","sales.quote-calc@1.0.0","客户名称掩码（`某<行业>集团` 形态，如 `某物流集团`），与 quotes.customer_masked 同词表；追加列"
"sales","workflow_output/sales.quote-calc","discount_pct","json","integer","","true","sales/quotes.csv","L3","false","sales.quote-calc@1.0.0","整单折扣率（%，0–30 有效区间）；审批档位判定阈值键（§5）；原始列"
"sales","workflow_output/sales.quote-calc","items","json","array","","true","sales/quotes.csv","L3","false","sales.quote-calc@1.0.0","配置明细（`<版本>×<数量>+<附加项>`，如 `旗舰版×2+培训`）；产品版本：标准版/专业版/旗舰版，附加项：实施/培训；原始列"
"sales","workflow_output/sales.quote-calc","total_wan","json","number","","true","sales/quotes.csv","L3","false","sales.quote-calc@1.0.0","报价含税合计（**万元**，1 位小数）＝ `round(list_price_wan × (1 − discount_pct/100), 1)`（§9 V-SALES-05）；原始列"
"sales","workflow_output/sales.target-split","owner_masked","json","string","","true","sales/targets.csv","L3","false","sales.target-split@1.0.0","负责人掩码（姓 + `****`，须能在 pipeline.owner 命中）"
"sales","workflow_output/sales.target-split","quarter","json","string","","true","sales/targets.csv","L3","false","sales.target-split@1.0.0","目标周期 `YYYY-Q#`（本快照 2026-Q4）"
"sales","workflow_output/sales.target-split","region","json","string","","true","sales/pipeline.csv","L3","false","sales.target-split@1.0.0","归属大区：华东 / 华南 / 华北 / 西南 / 华中（与 targets.region 同词表）；追加列"
"sales","workflow_output/sales.target-split","target_wan","json","string","","true","workflow_input_or_user_upload","L3","false","sales.target-split@1.0.0",""
"sales","workflow_output/sales.win-review","amount_k","json","number","","true","sales/pipeline.csv","L3","false","sales.win-review@1.0.0","商机预估金额（**千元**，整数）；折算万元 ÷10（§9 V-SALES-05）；原始列"
"sales","workflow_output/sales.win-review","opportunity","json","string","","true","sales/pipeline.csv","L3","false","sales.win-review@1.0.0","商机名称（`商机-<字母>（行业）`），展示口径；原始列"
"sales","workflow_output/sales.win-review","playbook_update","json","string","date","true","workflow_input_or_user_upload","L3","false","sales.win-review@1.0.0",""
"sales","workflow_output/sales.win-review","win_factors","json","string","","true","workflow_input_or_user_upload","L3","false","sales.win-review@1.0.0",""
"strat","okr.csv","baseline_value","csv","number","","true","strat/okr.csv","L4","false","","基线值（2025Q4 同口径），与 `target_value`、`metric_unit` 构成""必可量化""三要素；追加列"
"strat","okr.csv","confidence","csv","number","","true","strat/okr.csv","L4","false","","owner 对达成判断的置信度：高 / 中 / 低（`低` + `at_risk`/`behind` 者为复盘必查清单）；追加列"
"strat","okr.csv","dept","csv","string","","true","strat/okr.csv","L4","false","","归属部门（词表：华南区销售部 / 客户成功部 / 产品与商业化部 / 交付与实施部 / 人力资源部 / 市场部），与 `weekly.dept` 同词表；追加列"
"strat","okr.csv","dept_code","csv","string","","true","strat/okr.csv","L4","false","","部门码 SL-SC / CS / PD / DL / HR / MK（与 `weekly.dept_code` 一致，用于跨表连接）；追加列"
"strat","okr.csv","due_week","csv","string","date","true","strat/okr.csv","L4","false","","KR 检查点 ISO 周（W50 双周检查点 / W52 季末），必须 ≥ `weekly.week` 最大值（V-STRAT-07）；追加列"
"strat","okr.csv","kr","csv","string","","true","strat/okr.csv","L4","false","","KR 标题，**必须为""指标 + 目标值""形态**（如 `KR1 新客数 +30%`、`KR4 交付周期 ≤30 天`），是可量化校验（V-STRAT-01）的第一道防线；原始列"
"strat","okr.csv","kr_id","csv","string","","true","strat/okr.csv","L4","false","","KR 唯一主键，前缀即 Objective 码：`SC-` 华南区营收增长 / `B-` 组织效能提升 / `PV-` 产品竞争力提升 / `RC-` 竞争应对与经营韧性；`weekly.kr_ref` 外键指向本列；追加列"
"strat","okr.csv","metric_unit","csv","string","","true","strat/okr.csv","L4","false","","度量单位：家 / % / 万元 / 万元/人 / 天 / 分 / 个 / 倍 / 项；追加列"
"strat","okr.csv","objective","csv","string","","true","strat/okr.csv","L4","false","","目标（Objective）名称，同一目标下多条 KR 共用（本快照 4 个：华南区营收增长 / 组织效能提升 / 产品竞争力提升 / 竞争应对与经营韧性）；原始列"
"strat","okr.csv","owner","csv","string","","true","strat/okr.csv","L4","false","","KR 责任人/责任部门（保留原始口径：销售VP / 客户成功部 / 产品商业化 / HRBP / 各BU负责人；新增行用角色口径 产品VP / 交付负责人 / 市场部负责人）；原始列"
"strat","okr.csv","progress_pct","csv","number","","true","strat/okr.csv","L4","false","","季度里程碑加权完成度（0–100 整数），由 KR owner 按月度节奏填报；**非**累计值/目标值的机械比，禁由 weekly 倒算（V-STRAT-06）；状态判定依据见 §4.1；原始列"
"strat","okr.csv","quarter","csv","string","","true","strat/okr.csv","L4","false","","目标周期 Q1–Q4（本快照全为 `Q4`，对应 2026Q4，与复盘 `period` 一致，V-STRAT-05）；原始列"
"strat","okr.csv","status","csv","string","","true","strat/okr.csv","L4","false","","KR 状态机取值 **on_track / at_risk / behind / done**（阈值与迁移见 §4.1；`done` 必须 `progress_pct=100`）；追加列"
"strat","okr.csv","target_value","csv","number","","true","strat/okr.csv","L4","false","","季度目标值（与 `kr` 标题中的目标值同口径：如 SC-KR1 baseline 180 家 → target 234 家 = +30%）；追加列"
"strat","okr.csv","updated_at","csv","string","date-time","true","strat/okr.csv","L4","false","","数据版本时间戳 `YYYY-MM-DD`（本快照 2026-10-18）；审计""依据数据版本""取该值；追加列"
"strat","weekly.csv","dept","csv","string","","true","strat/okr.csv","L4","false","","归属部门（词表：华南区销售部 / 客户成功部 / 产品与商业化部 / 交付与实施部 / 人力资源部 / 市场部），与 `weekly.dept` 同词表；追加列"
"strat","weekly.csv","dept_code","csv","string","","true","strat/okr.csv","L4","false","","部门码 SL-SC / CS / PD / DL / HR / MK（与 `weekly.dept_code` 一致，用于跨表连接）；追加列"
"strat","weekly.csv","kr_ref","csv","string","","true","strat/weekly.csv","L4","false","","→ `okr.kr_id` 外键，**分号分隔多值**（如 `SC-KR4;SC-KR5;RC-KR3`）：该周异动/风险归因命中的 KR；`status ∈ {at_risk, behind}` 的 KR 必须至少被 1 条**风险行**（`risk_note ≠ -`）命中（V-STRAT-03）；追加列"
"strat","weekly.csv","new_customers","csv","number","","true","strat/weekly.csv","L4","false","","当周新增客户数（家）；原始列"
"strat","weekly.csv","orders","csv","integer","","true","strat/weekly.csv","L4","false","","当周订单数（单）；原始列"
"strat","weekly.csv","period","csv","string","","true","strat/weekly.csv","L4","false","","归属季度 2026Q3 / 2026Q4，必须与 `week_start` 的 ISO 季度一致；追加列"
"strat","weekly.csv","revenue_target_wan","csv","number","","true","strat/weekly.csv","L4","false","","当周营收目标（**万元**）：Q3 周 1200 / Q4 周 1500；用于逐周达成率与异动归因，**不得改写为事后目标**；追加列"
"strat","weekly.csv","revenue_wan","csv","number","","true","strat/weekly.csv","L4","false","","当周确认营收（**万元**，整数，华南区口径）；原始列"
"strat","weekly.csv","risk_level","csv","string","","true","strat/weekly.csv","L4","false","","风险等级：无 / 低 / 中 / 高（无风险行 = `无`）；追加列"
"strat","weekly.csv","risk_note","csv","string","","true","strat/weekly.csv","L4","false","","风险摘要，**必附责任方**（如 `投放ROI 周环比 -7%（市场部复盘）`）；无风险写 `-`；原始列"
"strat","weekly.csv","risk_owner","csv","string","","true","strat/weekly.csv","L4","false","","风险跟进责任方（部门/角色：市场部 / 交付与实施部 / 产品与商业化部 / 供应链 / 人力资源部 / 财务部 / 法务与合规 / 行政部），无风险写 `-`；追加列"
"strat","weekly.csv","updated_at","csv","string","date-time","true","strat/okr.csv","L4","false","","数据版本时间戳 `YYYY-MM-DD`（本快照 2026-10-18）；审计""依据数据版本""取该值；追加列"
"strat","weekly.csv","week","csv","string","","true","strat/weekly.csv","L4","false","","ISO 周号 `W31`–`W42`（华南区销售口径，滚动 12 周：Q3 尾 9 周 + Q4 头 3 周）；原始列"
"strat","weekly.csv","week_end","csv","string","","true","strat/weekly.csv","L4","false","","ISO 周结束日（周日）；`week_end − week_start = 6 天`（V-STRAT-05）；追加列"
"strat","weekly.csv","week_start","csv","string","","true","strat/weekly.csv","L4","false","","ISO 周起始日（周一）`YYYY-MM-DD`；追加列"
"strat","workflow_output/strat.competitor-brief","competitor","json","string","","true","workflow_input_or_user_upload","L4","false","strat.competitor-brief@1.0.0",""
"strat","workflow_output/strat.competitor-brief","impact","json","number","","true","workflow_input_or_user_upload","L4","false","strat.competitor-brief@1.0.0",""
"strat","workflow_output/strat.competitor-brief","move_type","json","string","","true","workflow_input_or_user_upload","L4","false","strat.competitor-brief@1.0.0",""
"strat","workflow_output/strat.competitor-brief","our_response","json","string","","true","workflow_input_or_user_upload","L4","false","strat.competitor-brief@1.0.0",""
"strat","workflow_output/strat.okr-set","kr_list","json","array","","true","workflow_input_or_user_upload","L4","false","strat.okr-set@1.0.0",""
"strat","workflow_output/strat.okr-set","objective","json","string","","true","strat/okr.csv","L4","false","strat.okr-set@1.0.0","目标（Objective）名称，同一目标下多条 KR 共用（本快照 4 个：华南区营收增长 / 组织效能提升 / 产品竞争力提升 / 竞争应对与经营韧性）；原始列"
"strat","workflow_output/strat.okr-set","owner","json","string","","true","strat/okr.csv","L4","false","strat.okr-set@1.0.0","KR 责任人/责任部门（保留原始口径：销售VP / 客户成功部 / 产品商业化 / HRBP / 各BU负责人；新增行用角色口径 产品VP / 交付负责人 / 市场部负责人）；原始列"
"strat","workflow_output/strat.okr-set","quarter","json","string","","true","strat/okr.csv","L4","false","strat.okr-set@1.0.0","目标周期 Q1–Q4（本快照全为 `Q4`，对应 2026Q4，与复盘 `period` 一致，V-STRAT-05）；原始列"
"strat","workflow_output/strat.org-inventory","incumbent_masked","json","string","","true","workflow_input_or_user_upload","L4","false","strat.org-inventory@1.0.0",""
"strat","workflow_output/strat.org-inventory","position","json","string","","true","workflow_input_or_user_upload","L4","false","strat.org-inventory@1.0.0",""
"strat","workflow_output/strat.org-inventory","risk_level","json","string","","true","strat/weekly.csv","L4","false","strat.org-inventory@1.0.0","风险等级：无 / 低 / 中 / 高（无风险行 = `无`）；追加列"
"strat","workflow_output/strat.org-inventory","successor_masked","json","string","","true","workflow_input_or_user_upload","L4","false","strat.org-inventory@1.0.0",""
"strat","workflow_output/strat.quarter-close","approvals","json","array","","true","workflow_input_or_user_upload","L4","false","strat.quarter-close@1.0.0",""
"strat","workflow_output/strat.quarter-close","comp_package_flag","json","boolean","","true","workflow_input_or_user_upload","L4","false","strat.quarter-close@1.0.0",""
"strat","workflow_output/strat.quarter-close","highlights","json","array","","true","workflow_input_or_user_upload","L4","false","strat.quarter-close@1.0.0",""
"strat","workflow_output/strat.quarter-close","period","json","string","","true","strat/weekly.csv","L4","false","strat.quarter-close@1.0.0","归属季度 2026Q3 / 2026Q4，必须与 `week_start` 的 ISO 季度一致；追加列"
"strat","workflow_output/strat.quarterly-review","comp_review_flag","json","boolean","","true","workflow_input_or_user_upload","L4","false","strat.quarterly-review@1.0.0",""
"strat","workflow_output/strat.quarterly-review","decision","json","string","","true","workflow_input_or_user_upload","L4","false","strat.quarterly-review@1.0.0",""
"strat","workflow_output/strat.quarterly-review","okr_reached","json","string","","true","workflow_input_or_user_upload","L4","false","strat.quarterly-review@1.0.0",""
"strat","workflow_output/strat.quarterly-review","period","json","string","","true","strat/weekly.csv","L4","false","strat.quarterly-review@1.0.0","归属季度 2026Q3 / 2026Q4，必须与 `week_start` 的 ISO 季度一致；追加列"
"strat","workflow_output/strat.weekly-report","next_actions","json","array","","true","workflow_input_or_user_upload","L4","false","strat.weekly-report@1.0.0",""
"strat","workflow_output/strat.weekly-report","orders","json","integer","","true","strat/weekly.csv","L4","false","strat.weekly-report@1.0.0","当周订单数（单）；原始列"
"strat","workflow_output/strat.weekly-report","revenue_wan","json","number","","true","strat/weekly.csv","L4","false","strat.weekly-report@1.0.0","当周确认营收（**万元**，整数，华南区口径）；原始列"
"strat","workflow_output/strat.weekly-report","risks","json","array","","true","workflow_input_or_user_upload","L4","false","strat.weekly-report@1.0.0",""
"strat","workflow_output/strat.weekly-report","week","json","string","","true","strat/weekly.csv","L4","false","strat.weekly-report@1.0.0","ISO 周号 `W31`–`W42`（华南区销售口径，滚动 12 周：Q3 尾 9 周 + Q4 头 3 周）；原始列"
"trn","certificates.csv","approver","csv","string","","true","trn/certificates.csv","L3","false","","追加列·预算审批人（脱敏工号 `A1***`/`A2***`）；留空 = 未提审或审批在途"
"trn","certificates.csv","cert_id","csv","string","","true","trn/certificates.csv","L3","false","","追加列·证书编号（假名化 `CERT-****-NNNN`，**PII**，`redact_gate` 强制脱敏后方可出产物）"
"trn","certificates.csv","certificate","csv","string","","true","trn/certificates.csv","L3","false","","证书/资质名（如 特种作业操作证、安全员B证）"
"trn","certificates.csv","course","csv","string","","true","trn/certificates.csv","L3","false","","课程名（业务主键；被 `certificates.course` 与 `prereq` 引用）"
"trn","certificates.csv","expire_date","csv","string","date","true","trn/certificates.csv","L3","false","","有效期至 `YYYY-MM-DD`（`已续期` 行 = 续期后新效期）"
"trn","certificates.csv","holder_dept","csv","string","","true","trn/certificates.csv","L3","false","","追加列·持证人部门（到期拦截按部门聚合的唯一口径）"
"trn","certificates.csv","holder_masked","csv","string","","true","trn/certificates.csv","L3","true","","持证人（脱敏工号 `E1***`–`E12***`；禁存姓名/身份证）"
"trn","certificates.csv","issue_date","csv","string","date","true","trn/certificates.csv","L3","false","","首次发证日 `YYYY-MM-DD`"
"trn","certificates.csv","renew_date","csv","string","date","true","trn/certificates.csv","L3","false","","追加列·最近一次复审/换证生效日（`已续期` 行非空）"
"trn","certificates.csv","renew_fee","csv","number","","true","trn/certificates.csv","L3","false","","追加列·换证/复审费用（元）；`已续期`=实际发生，`90天内到期`=预估，其余留空"
"trn","certificates.csv","required_role","csv","string","","true","trn/certificates.csv","L3","false","","追加列·岗位强依赖（如 特种作业岗/叉车司机岗；**排班拦截**的匹配键）"
"trn","certificates.csv","status","csv","string","","true","trn/certificates.csv","L3","false","","追加列·计划/课程状态：报名中 / 进行中 / 已结束（= TRAIN_STATUS，见 §4.1）"
"trn","courses.csv","approver","csv","string","","true","trn/certificates.csv","L3","false","","追加列·预算审批人（脱敏工号 `A1***`/`A2***`）；留空 = 未提审或审批在途"
"trn","courses.csv","budget_wan","csv","number","","true","trn/courses.csv","L3","false","","追加列·预算（万元）；外部采购课程 >0 即触发 `trn.plan-approve` 审批"
"trn","courses.csv","category","csv","string","","true","trn/courses.csv","L3","false","","课程分类：必修 / 进阶 / 领导力 / 合规 / 技能（对齐 PRD F2 的 入职/管理/业务/合规/技能 维度）"
"trn","courses.csv","completed_h","csv","number","","true","trn/courses.csv","L3","false","","追加列·已完成学时（`报名中`=0；`进行中` 0<completed_h<hours；`已结束`=hours）"
"trn","courses.csv","course","csv","string","","true","trn/certificates.csv","L3","false","","课程名（业务主键；被 `certificates.course` 与 `prereq` 引用）"
"trn","courses.csv","dept","csv","string","","true","trn/courses.csv","L3","false","","追加列·主办部门（`trn.hours-report` 的部门口径来源）"
"trn","courses.csv","enrolled","csv","number","","true","trn/courses.csv","L3","false","","已报名人数（校验 `enrolled ≤ seat_cap`）"
"trn","courses.csv","hours","csv","number","","true","trn/courses.csv","L3","false","","计划学时（整数，1–24）"
"trn","courses.csv","next_session","csv","string","","true","trn/courses.csv","L3","false","","场次日期 `MM-DD`（数据基线年 2026；`已结束` 行填已结束场次日期）"
"trn","courses.csv","pass_rate","csv","number","","true","trn/courses.csv","L3","false","","追加列·最近一期通过率 %（保留 1 位小数）；`已结束` 行必填，`进行中/报名中` 行留空"
"trn","courses.csv","prereq","csv","string","","true","trn/courses.csv","L3","false","","追加列·前置课（课程名；无前置填 `无`）"
"trn","courses.csv","room","csv","string","","true","trn/courses.csv","L3","false","","追加列·场地（教室号 / `线上直播` / `实训基地` / `外部场地`；与 trainer+日期共同做冲突检测）"
"trn","courses.csv","seat_cap","csv","number","","true","trn/courses.csv","L3","false","","追加列·名额上限（报名确认的上限依据，见 §9 R4）"
"trn","courses.csv","status","csv","string","","true","trn/certificates.csv","L3","false","","追加列·计划/课程状态：报名中 / 进行中 / 已结束（= TRAIN_STATUS，见 §4.1）"
"trn","courses.csv","trainer","csv","string","","true","trn/courses.csv","L3","false","","追加列·讲师（脱敏工号 `T1***`–`T9***`，外部讲师 `EXT-***A`–`EXT-***D`）"
"trn","workflow_output/trn.cert-expiry","certificate","json","string","","true","trn/certificates.csv","L3","false","trn.cert-expiry@1.0.0","证书/资质名（如 特种作业操作证、安全员B证）"
"trn","workflow_output/trn.cert-expiry","days_left","json","integer","","true","workflow_input_or_user_upload","L3","false","trn.cert-expiry@1.0.0",""
"trn","workflow_output/trn.cert-expiry","expire_date","json","string","date","true","trn/certificates.csv","L3","false","trn.cert-expiry@1.0.0","有效期至 `YYYY-MM-DD`（`已续期` 行 = 续期后新效期）"
"trn","workflow_output/trn.cert-expiry","holder_masked","json","string","","true","trn/certificates.csv","L3","true","trn.cert-expiry@1.0.0","持证人（脱敏工号 `E1***`–`E12***`；禁存姓名/身份证）"
"trn","workflow_output/trn.cert-renew","approver","json","string","","true","trn/certificates.csv","L3","false","trn.cert-renew@1.0.0","追加列·预算审批人（脱敏工号 `A1***`/`A2***`）；留空 = 未提审或审批在途"
"trn","workflow_output/trn.cert-renew","certificate","json","string","","true","trn/certificates.csv","L3","false","trn.cert-renew@1.0.0","证书/资质名（如 特种作业操作证、安全员B证）"
"trn","workflow_output/trn.cert-renew","holder_masked","json","string","","true","trn/certificates.csv","L3","true","trn.cert-renew@1.0.0","持证人（脱敏工号 `E1***`–`E12***`；禁存姓名/身份证）"
"trn","workflow_output/trn.cert-renew","renew_fee","json","number","","true","trn/certificates.csv","L3","false","trn.cert-renew@1.0.0","追加列·换证/复审费用（元）；`已续期`=实际发生，`90天内到期`=预估，其余留空"
"trn","workflow_output/trn.course-schedule","course","json","string","","true","trn/certificates.csv","L3","false","trn.course-schedule@1.0.0","课程名（业务主键；被 `certificates.course` 与 `prereq` 引用）"
"trn","workflow_output/trn.course-schedule","date","json","string","date","true","workflow_input_or_user_upload","L3","false","trn.course-schedule@1.0.0",""
"trn","workflow_output/trn.course-schedule","room","json","string","","true","trn/courses.csv","L3","false","trn.course-schedule@1.0.0","追加列·场地（教室号 / `线上直播` / `实训基地` / `外部场地`；与 trainer+日期共同做冲突检测）"
"trn","workflow_output/trn.course-schedule","trainer","json","string","","true","trn/courses.csv","L3","false","trn.course-schedule@1.0.0","追加列·讲师（脱敏工号 `T1***`–`T9***`，外部讲师 `EXT-***A`–`EXT-***D`）"
"trn","workflow_output/trn.enroll-approve","course","json","string","","true","trn/certificates.csv","L3","false","trn.enroll-approve@1.0.0","课程名（业务主键；被 `certificates.course` 与 `prereq` 引用）"
"trn","workflow_output/trn.enroll-approve","employee_masked","json","string","","true","workflow_input_or_user_upload","L3","true","trn.enroll-approve@1.0.0",""
"trn","workflow_output/trn.enroll-approve","prereq_ok","json","boolean","","true","workflow_input_or_user_upload","L3","false","trn.enroll-approve@1.0.0",""
"trn","workflow_output/trn.enroll-approve","seats_left","json","integer","","true","workflow_input_or_user_upload","L3","false","trn.enroll-approve@1.0.0",""
"trn","workflow_output/trn.hours-report","completed_h","json","string","","true","trn/courses.csv","L3","false","trn.hours-report@1.0.0","追加列·已完成学时（`报名中`=0；`进行中` 0<completed_h<hours；`已结束`=hours）"
"trn","workflow_output/trn.hours-report","dept","json","string","","true","trn/courses.csv","L3","false","trn.hours-report@1.0.0","追加列·主办部门（`trn.hours-report` 的部门口径来源）"
"trn","workflow_output/trn.hours-report","planned_h","json","string","","true","workflow_input_or_user_upload","L3","false","trn.hours-report@1.0.0",""
"trn","workflow_output/trn.hours-report","rate","json","number","","true","workflow_input_or_user_upload","L3","false","trn.hours-report@1.0.0",""
"trn","workflow_output/trn.plan-approve","approver","json","string","","true","trn/certificates.csv","L3","false","trn.plan-approve@1.0.0","追加列·预算审批人（脱敏工号 `A1***`/`A2***`）；留空 = 未提审或审批在途"
"trn","workflow_output/trn.plan-approve","budget_wan","json","number","","true","trn/courses.csv","L3","false","trn.plan-approve@1.0.0","追加列·预算（万元）；外部采购课程 >0 即触发 `trn.plan-approve` 审批"
"trn","workflow_output/trn.plan-approve","course","json","string","","true","trn/certificates.csv","L3","false","trn.plan-approve@1.0.0","课程名（业务主键；被 `certificates.course` 与 `prereq` 引用）"
"trn","workflow_output/trn.plan-approve","hours","json","number","","true","trn/courses.csv","L3","false","trn.plan-approve@1.0.0","计划学时（整数，1–24）"
